,title,price,rating,image,description,url
0,"Computer Keyboard Wired, Plug Play USB , Low Profile Chiclet Keys, Large Number Pad, Caps Indicators, Foldable Stands, Spill-Resistant, Anti-Wear Letters for Windows Mac PC Laptop, Full Size",$11.99,4.4 ,https://m.media-amazon.com/images/I/61s6ZL3Vg3L.__AC_SX300_SY300_QL70_FMwebp_.jpg,,https://www.amazon.com/sspa/click?ie=UTF8&spc=MToyMTU2ODUxMjgxNjEwMDg0OjE3MTEzNzY0MzY6c3BfYXRmOjMwMDA0MjMxOTU5MTgwMjo6MDo6&url=%2FComputer-Keyboard-Indicators-Spill-Resistant-Anti-Wear%2Fdp%2FB09NLS9TK4%2Fref%3Dsr_1_1_sspa%3Fcrid%3D1DCSWSAQSZ51W%26dib%3DeyJ2IjoiMSJ9.D8uSb1NwIHcyn7qq4wuDdxnEuJQrOLZ_elfxPfa1GeztHy3nd44ex1B0L2Eo3kcjVAKpFQRTyFrl3r9RxX0nianin5hYa2upwTLKIntGV1d8boZdzF3JQmseRqFhonD0gdJ-7FtvCbG7VslcQ7CnG0vHcak8gl8_Dm3SMItVbzwrswLk2bqnx2D2sLAGcN2ggyMOs_Re-OVIWBNKDUhDuZNiEfAt31H5b5Ob-8eYpkY.S_mtWFd3t1qf_R_rlOPjUD4GDh9zVLvG1hu_2mAYM0k%26dib_tag%3Dse%26keywords%3Dkeyboard%26qid%3D1711376436%26s%3Delectronics%26sprefix%3Dke%252Celectronics-intl-ship%252C665%26sr%3D1-1-spons%26sp_csd%3Dd2lkZ2V0TmFtZT1zcF9hdGY%26psc%3D1
1,"Manhattan Wired Computer Keyboard – Basic Black Keyboard - with 4.5ft USB-A Cable, 104-keys, Foldable Stands - Compatible for Windows, PC, Laptop - 3 Yr Mfg Warranty – 179324",$11.99,4.1 ,https://m.media-amazon.com/images/I/71pHnBCAqmL.__AC_SY300_SX300_QL70_FMwebp_.jpg,,https://www.amazon.com/sspa/click?ie=UTF8&spc=MToyMTU2ODUxMjgxNjEwMDg0OjE3MTEzNzY0MzY6c3BfYXRmOjIwMDAyOTQzNDc4Nzc3MTo6MDo6&url=%2FManhattan-104-key-Keyboard-Built-Indicator%2Fdp%2FB07RQVB3HQ%2Fref%3Dsr_1_2_sspa%3Fcrid%3D1DCSWSAQSZ51W%26dib%3DeyJ2IjoiMSJ9.D8uSb1NwIHcyn7qq4wuDdxnEuJQrOLZ_elfxPfa1GeztHy3nd44ex1B0L2Eo3kcjVAKpFQRTyFrl3r9RxX0nianin5hYa2upwTLKIntGV1d8boZdzF3JQmseRqFhonD0gdJ-7FtvCbG7VslcQ7CnG0vHcak8gl8_Dm3SMItVbzwrswLk2bqnx2D2sLAGcN2ggyMOs_Re-OVIWBNKDUhDuZNiEfAt31H5b5Ob-8eYpkY.S_mtWFd3t1qf_R_rlOPjUD4GDh9zVLvG1hu_2mAYM0k%26dib_tag%3Dse%26keywords%3Dkeyboard%26qid%3D1711376436%26s%3Delectronics%26sprefix%3Dke%252Celectronics-intl-ship%252C665%26sr%3D1-2-spons%26sp_csd%3Dd2lkZ2V0TmFtZT1zcF9hdGY%26psc%3D1
2,"Amazon Basics Low-Profile Wired USB Keyboard with US Layout (QWERTY), Matte Black",$11.69,4.5 ,https://m.media-amazon.com/images/I/81cg9myC9kL.__AC_SX300_SY300_QL70_FMwebp_.jpg,Product Description   An Amazon Brand.   From the Manufacturer   Amazon Basics,https://www.amazon.com/AmazonBasics-Matte-Keyboard-QWERTY-Layout/dp/B07WJ5D3H4/ref=sr_1_3?crid=1DCSWSAQSZ51W&dib=eyJ2IjoiMSJ9.D8uSb1NwIHcyn7qq4wuDdxnEuJQrOLZ_elfxPfa1GeztHy3nd44ex1B0L2Eo3kcjVAKpFQRTyFrl3r9RxX0nianin5hYa2upwTLKIntGV1d8boZdzF3JQmseRqFhonD0gdJ-7FtvCbG7VslcQ7CnG0vHcak8gl8_Dm3SMItVbzwrswLk2bqnx2D2sLAGcN2ggyMOs_Re-OVIWBNKDUhDuZNiEfAt31H5b5Ob-8eYpkY.S_mtWFd3t1qf_R_rlOPjUD4GDh9zVLvG1hu_2mAYM0k&dib_tag=se&keywords=keyboard&qid=1711376436&s=electronics&sprefix=ke%2Celectronics-intl-ship%2C665&sr=1-3
3,"Gaming Keyboard, 104 Keys All-Metal Panel, Rainbow LED Backlit Quiet Computer Keyboard, Wrist Rest, Multimedia Keys, Anti-ghosting Keys, Waterproof Light Up USB Wired Keyboard for PC Mac Xbox",$26.99,4.4 ,https://m.media-amazon.com/images/I/71ud68+jS-L._AC_SY300_SX300_.jpg,,https://www.amazon.com/All-Metal-Dacoity-Multimedia-Anti-ghosting-Waterproof/dp/B09TZWLFLY/ref=sr_1_4?crid=1DCSWSAQSZ51W&dib=eyJ2IjoiMSJ9.D8uSb1NwIHcyn7qq4wuDdxnEuJQrOLZ_elfxPfa1GeztHy3nd44ex1B0L2Eo3kcjVAKpFQRTyFrl3r9RxX0nianin5hYa2upwTLKIntGV1d8boZdzF3JQmseRqFhonD0gdJ-7FtvCbG7VslcQ7CnG0vHcak8gl8_Dm3SMItVbzwrswLk2bqnx2D2sLAGcN2ggyMOs_Re-OVIWBNKDUhDuZNiEfAt31H5b5Ob-8eYpkY.S_mtWFd3t1qf_R_rlOPjUD4GDh9zVLvG1hu_2mAYM0k&dib_tag=se&keywords=keyboard&qid=1711376436&s=electronics&sprefix=ke%2Celectronics-intl-ship%2C665&sr=1-4
4,"MageGee Portable 60% Mechanical Gaming Keyboard, MK-Box LED Backlit Compact 68 Keys Mini Wired Office Keyboard with Red Switch for Windows Laptop PC Mac - Black/Grey",$29.99,4.4 ,https://m.media-amazon.com/images/I/618zZ7u3sUL.__AC_SX300_SY300_QL70_FMwebp_.jpg,,https://www.amazon.com/Portable-Mechanical-Keyboard-MageGee-Backlit/dp/B098LG3N6R/ref=sr_1_5?crid=1DCSWSAQSZ51W&dib=eyJ2IjoiMSJ9.D8uSb1NwIHcyn7qq4wuDdxnEuJQrOLZ_elfxPfa1GeztHy3nd44ex1B0L2Eo3kcjVAKpFQRTyFrl3r9RxX0nianin5hYa2upwTLKIntGV1d8boZdzF3JQmseRqFhonD0gdJ-7FtvCbG7VslcQ7CnG0vHcak8gl8_Dm3SMItVbzwrswLk2bqnx2D2sLAGcN2ggyMOs_Re-OVIWBNKDUhDuZNiEfAt31H5b5Ob-8eYpkY.S_mtWFd3t1qf_R_rlOPjUD4GDh9zVLvG1hu_2mAYM0k&dib_tag=se&keywords=keyboard&qid=1711376436&s=electronics&sprefix=ke%2Celectronics-intl-ship%2C665&sr=1-5
5,"Logitech MX Keys Mini Minimalist Wireless Illuminated Keyboard, Compact, Bluetooth, USB-C, for Apple macOS, iOS, Windows, Linux, Android - Graphite - With Free Adobe Creative Cloud Subscription",$76.99,4.6 ,https://m.media-amazon.com/images/I/71lsfH+ww3L._AC_SY300_SX300_.jpg,"Logitech MX Keys Mini Introducing MX Keys Mini – a smaller, smarter, and mightier keyboard made for creators. Type with confidence on a keyboard crafted for efficiency, stability, and precision. The ergonomic design aligns your shoulders, allowing you to place your mouse closer to your keyboard for less arm reaching, more comfort, and improved body posture. Easily pair MX Keys Mini via Bluetooth Low Energy with up to 3 devices. Smart Keys transform the way you work, with a Dictation key to talk-to-text with the press of a button (1) , an Emoji key to instantly open your emoji window, and a Mic Mute/Unmute button for smooth video calls. Team up with a Flow-enabled MX Master 3 or MX Anywhere 3 and type on multiple devices in one fluid workflow(1). Transfer files, documents, and images across computers and Mac and Windows operating systems(2). Not compatible with Logitech Unifying Receiver Technology. Product details: Weight: 17.86 oz (506.4 g) Dimensions: 0.82 x 11.65 x 5.19 in (20.97 x 295.99 x 131.95 mm) Battery type: LiPo rechargeable battery Battery life: Up to 10 days on a full charge or up to 5 months with the backlighting turned off(3) Compatible with Windows, macOS, iOS (2), iPadOS (2), Android (2), Chrome OS (2), Linux (2) (1) Requires Logitech Options software, available for Windows and macOS (2) Device basic functions will be supported without software for operating systems other than Windows and macOS (3) Battery life may vary based on user and computing conditions",https://aax-us-iad.amazon.com/x/c/RISJ9zBUv0aZkRqZI35_CjcAAAGOdfwPFgEAAAH2AQBvbm9fdHhuX2JpZDUgICBvbm9fdHhuX2ltcDEgICAiVIDF/https://www.amazon.com/Logitech-Minimalist-Illuminated-Bluetooth-Compatible/dp/B098JPSVKY/ref=sxin_15_sbv_search_btf?content-id=amzn1.sym.c44d9f79-d706-4fe9-a72f-cc7d2fe3208f%3Aamzn1.sym.c44d9f79-d706-4fe9-a72f-cc7d2fe3208f&crid=1DCSWSAQSZ51W&cv_ct_cx=keyboard&dib=eyJ2IjoiMSJ9.wqx5nWfFen8JE_c9uYBPwg.Xja5bMb9VpqSVxw__UdG3puheH5UNEO4uBVuiie7pK0&dib_tag=se&keywords=keyboard&pd_rd_i=B098JPSVKY&pd_rd_r=2f3c1600-e3b2-434f-bacb-a1a8e772d730&pd_rd_w=0SCTg&pd_rd_wg=vALKJ&pf_rd_p=c44d9f79-d706-4fe9-a72f-cc7d2fe3208f&pf_rd_r=ZDV86KHJ5T9E83XJHQMJ&qid=1711376436&s=electronics&sbo=RZvfv%2F%2FHxDF%2BO5021pAnSA%3D%3D&sprefix=ke%2Celectronics-intl-ship%2C665&sr=1-1-5190daf0-67e3-427c-bea6-c72c1df98776
6,"65% Gaming Keyboard, Wired Backlit Mini Keyboard, Ultra-Compact 68 Keys Membrane Gaming Wired Keyboard for PC Laptop Mac Gamer (Grey-Black)",$15.97,4.0 ,https://m.media-amazon.com/images/I/61cAbRmF8QL.__AC_SX300_SY300_QL70_FMwebp_.jpg,,https://www.amazon.com/GEODMAER-Keyboard-Ultra-Compact-Membrane-Grey-Black/dp/B0CRDLQ2SG/ref=sr_1_6?crid=1DCSWSAQSZ51W&dib=eyJ2IjoiMSJ9.D8uSb1NwIHcyn7qq4wuDdxnEuJQrOLZ_elfxPfa1GeztHy3nd44ex1B0L2Eo3kcjVAKpFQRTyFrl3r9RxX0nianin5hYa2upwTLKIntGV1d8boZdzF3JQmseRqFhonD0gdJ-7FtvCbG7VslcQ7CnG0vHcak8gl8_Dm3SMItVbzwrswLk2bqnx2D2sLAGcN2ggyMOs_Re-OVIWBNKDUhDuZNiEfAt31H5b5Ob-8eYpkY.S_mtWFd3t1qf_R_rlOPjUD4GDh9zVLvG1hu_2mAYM0k&dib_tag=se&keywords=keyboard&qid=1711376436&s=electronics&sprefix=ke%2Celectronics-intl-ship%2C665&sr=1-6
7,"AULA Gaming Keyboard, 104 Keys Gaming Keyboard and Mouse Combo with RGB Backlit, All-Metal Panel, PC Gaming Keyboard Mouse, Wired Keyboard for MAC Xbox PC Gamers",$29.99,4.4 ,https://m.media-amazon.com/images/I/71cd3Qs3fEL.__AC_SY300_SX300_QL70_FMwebp_.jpg,,https://www.amazon.com/sspa/click?ie=UTF8&spc=MToyMTU2ODUxMjgxNjEwMDg0OjE3MTEzNzY0MzY6c3BfbXRmOjMwMDE1NDQ3Mzg4NzkwMjo6MDo6&url=%2FAULA-Keyboard-Backlit-Computer-Windows%2Fdp%2FB0B3RJML38%2Fref%3Dsr_1_7_sspa%3Fcrid%3D1DCSWSAQSZ51W%26dib%3DeyJ2IjoiMSJ9.D8uSb1NwIHcyn7qq4wuDdxnEuJQrOLZ_elfxPfa1GeztHy3nd44ex1B0L2Eo3kcjVAKpFQRTyFrl3r9RxX0nianin5hYa2upwTLKIntGV1d8boZdzF3JQmseRqFhonD0gdJ-7FtvCbG7VslcQ7CnG0vHcak8gl8_Dm3SMItVbzwrswLk2bqnx2D2sLAGcN2ggyMOs_Re-OVIWBNKDUhDuZNiEfAt31H5b5Ob-8eYpkY.S_mtWFd3t1qf_R_rlOPjUD4GDh9zVLvG1hu_2mAYM0k%26dib_tag%3Dse%26keywords%3Dkeyboard%26qid%3D1711376436%26s%3Delectronics%26sprefix%3Dke%252Celectronics-intl-ship%252C665%26sr%3D1-7-spons%26sp_csd%3Dd2lkZ2V0TmFtZT1zcF9tdGY%26psc%3D1
8,"Wireless Keyboard and Mouse Combo, Lovaky 2.4G Full-Sized Ergonomic Keyboard Mouse, 3 DPI Adjustable Cordless USB Keyboard and Mouse, Quiet Click for Computer/Laptop/Windows/Mac (1 Pack, Black)",$22.97,4.3 ,https://m.media-amazon.com/images/I/619xEG-HNNL.__AC_SX300_SY300_QL70_FMwebp_.jpg,,https://www.amazon.com/Wireless-Keyboard-Full-Sized-Ergonomic-Adjustable/dp/B09KC6PSR9/ref=sr_1_8?crid=1DCSWSAQSZ51W&dib=eyJ2IjoiMSJ9.D8uSb1NwIHcyn7qq4wuDdxnEuJQrOLZ_elfxPfa1GeztHy3nd44ex1B0L2Eo3kcjVAKpFQRTyFrl3r9RxX0nianin5hYa2upwTLKIntGV1d8boZdzF3JQmseRqFhonD0gdJ-7FtvCbG7VslcQ7CnG0vHcak8gl8_Dm3SMItVbzwrswLk2bqnx2D2sLAGcN2ggyMOs_Re-OVIWBNKDUhDuZNiEfAt31H5b5Ob-8eYpkY.S_mtWFd3t1qf_R_rlOPjUD4GDh9zVLvG1hu_2mAYM0k&dib_tag=se&keywords=keyboard&qid=1711376436&s=electronics&sprefix=ke%2Celectronics-intl-ship%2C665&sr=1-8
9,"RisoPhy Mechanical Gaming Keyboard, RGB 104 Keys Ultra-Slim LED Backlit USB Wired Keyboard with Blue Switch, Durable Abs Keycaps/Anti-Ghosting/Spill-Resistant Computer Keyboard for PC Mac Xbox Gamer",$29.99,4.5 ,https://m.media-amazon.com/images/I/71T1WQSxp9L.__AC_SX300_SY300_QL70_FMwebp_.jpg,,https://www.amazon.com/Mechanical-Keyboard-Ultra-Slim-Anti-Ghosting-Spill-Resistant/dp/B09TR4Y91J/ref=sr_1_9?crid=1DCSWSAQSZ51W&dib=eyJ2IjoiMSJ9.D8uSb1NwIHcyn7qq4wuDdxnEuJQrOLZ_elfxPfa1GeztHy3nd44ex1B0L2Eo3kcjVAKpFQRTyFrl3r9RxX0nianin5hYa2upwTLKIntGV1d8boZdzF3JQmseRqFhonD0gdJ-7FtvCbG7VslcQ7CnG0vHcak8gl8_Dm3SMItVbzwrswLk2bqnx2D2sLAGcN2ggyMOs_Re-OVIWBNKDUhDuZNiEfAt31H5b5Ob-8eYpkY.S_mtWFd3t1qf_R_rlOPjUD4GDh9zVLvG1hu_2mAYM0k&dib_tag=se&keywords=keyboard&qid=1711376436&s=electronics&sprefix=ke%2Celectronics-intl-ship%2C665&sr=1-9
10,"MageGee Typewriter Mechanical Gaming Keyboard, Retro Punk Round Keycap LED White Backlit USB Wired Keyboards for Game and Office, for Windows Laptop PC Mac - Blue Switches/Pink",$36.99,4.5 ,https://m.media-amazon.com/images/I/71m6k0LT48L.__AC_SX300_SY300_QL70_FMwebp_.jpg,,https://www.amazon.com/MageGee-Typewriter-Mechanical-Keyboard-Keyboards/dp/B091GQHBYC/ref=sr_1_10?crid=1DCSWSAQSZ51W&dib=eyJ2IjoiMSJ9.D8uSb1NwIHcyn7qq4wuDdxnEuJQrOLZ_elfxPfa1GeztHy3nd44ex1B0L2Eo3kcjVAKpFQRTyFrl3r9RxX0nianin5hYa2upwTLKIntGV1d8boZdzF3JQmseRqFhonD0gdJ-7FtvCbG7VslcQ7CnG0vHcak8gl8_Dm3SMItVbzwrswLk2bqnx2D2sLAGcN2ggyMOs_Re-OVIWBNKDUhDuZNiEfAt31H5b5Ob-8eYpkY.S_mtWFd3t1qf_R_rlOPjUD4GDh9zVLvG1hu_2mAYM0k&dib_tag=se&keywords=keyboard&qid=1711376436&s=electronics&sprefix=ke%2Celectronics-intl-ship%2C665&sr=1-10
11,Arteck 2.4G Wireless Keyboard Stainless Steel Ultra Slim Full Size Keyboard with Numeric Keypad for Computer/Desktop/PC/Laptop/Surface/Smart TV and Windows 10/8/ 7 Built in Rechargeable Battery,$29.99,4.4 ,https://m.media-amazon.com/images/I/615wODNPYJL.__AC_SX300_SY300_QL70_FMwebp_.jpg,,https://www.amazon.com/Arteck-Wireless-Keyboard-Stainless-Rechargeable/dp/B07D34L57F/ref=sr_1_11?crid=1DCSWSAQSZ51W&dib=eyJ2IjoiMSJ9.D8uSb1NwIHcyn7qq4wuDdxnEuJQrOLZ_elfxPfa1GeztHy3nd44ex1B0L2Eo3kcjVAKpFQRTyFrl3r9RxX0nianin5hYa2upwTLKIntGV1d8boZdzF3JQmseRqFhonD0gdJ-7FtvCbG7VslcQ7CnG0vHcak8gl8_Dm3SMItVbzwrswLk2bqnx2D2sLAGcN2ggyMOs_Re-OVIWBNKDUhDuZNiEfAt31H5b5Ob-8eYpkY.S_mtWFd3t1qf_R_rlOPjUD4GDh9zVLvG1hu_2mAYM0k&dib_tag=se&keywords=keyboard&qid=1711376436&s=electronics&sprefix=ke%2Celectronics-intl-ship%2C665&sr=1-11
12,"AULA F2088 Typewriter Style Mechanical Gaming Keyboard Blue Switches,Rainbow LED Backlit,Removable Wrist Rest,Media Control Knob,Retro Punk Round Keycaps,USB Wired Computer Keyboard",$41.38,4.6 ,https://m.media-amazon.com/images/I/71XcWqobDVL.__AC_SX300_SY300_QL70_FMwebp_.jpg,,https://www.amazon.com/sspa/click?ie=UTF8&spc=MToyMTU2ODUxMjgxNjEwMDg0OjE3MTEzNzY0MzY6c3BfbXRmOjIwMDA5NTk0NzE2ODU5ODo6MDo6&url=%2FAULA-F2088-Mechanical-Removable-Keyboards%2Fdp%2FB09DKQWTNC%2Fref%3Dsr_1_12_sspa%3Fcrid%3D1DCSWSAQSZ51W%26dib%3DeyJ2IjoiMSJ9.D8uSb1NwIHcyn7qq4wuDdxnEuJQrOLZ_elfxPfa1GeztHy3nd44ex1B0L2Eo3kcjVAKpFQRTyFrl3r9RxX0nianin5hYa2upwTLKIntGV1d8boZdzF3JQmseRqFhonD0gdJ-7FtvCbG7VslcQ7CnG0vHcak8gl8_Dm3SMItVbzwrswLk2bqnx2D2sLAGcN2ggyMOs_Re-OVIWBNKDUhDuZNiEfAt31H5b5Ob-8eYpkY.S_mtWFd3t1qf_R_rlOPjUD4GDh9zVLvG1hu_2mAYM0k%26dib_tag%3Dse%26keywords%3Dkeyboard%26qid%3D1711376436%26s%3Delectronics%26sprefix%3Dke%252Celectronics-intl-ship%252C665%26sr%3D1-12-spons%26sp_csd%3Dd2lkZ2V0TmFtZT1zcF9tdGY%26psc%3D1
13,"Redragon K673 PRO 75% Wireless Gasket RGB Gaming Keyboard, 3-Modes 81 Keys Compact Mechanical Keyboard w/Hot-Swap Socket, Dedicated Knob Control & Sound Absorbing Pads, Linear Red Switch",$64.99,4.7 ,https://m.media-amazon.com/images/I/61AmpGY5Z3L.__AC_SX300_SY300_QL70_FMwebp_.jpg,,https://www.amazon.com/Redragon-K673-Mechanical-Dedicated-Absorbing/dp/B0CLG95X4G/ref=sr_1_13?crid=1DCSWSAQSZ51W&dib=eyJ2IjoiMSJ9.D8uSb1NwIHcyn7qq4wuDdxnEuJQrOLZ_elfxPfa1GeztHy3nd44ex1B0L2Eo3kcjVAKpFQRTyFrl3r9RxX0nianin5hYa2upwTLKIntGV1d8boZdzF3JQmseRqFhonD0gdJ-7FtvCbG7VslcQ7CnG0vHcak8gl8_Dm3SMItVbzwrswLk2bqnx2D2sLAGcN2ggyMOs_Re-OVIWBNKDUhDuZNiEfAt31H5b5Ob-8eYpkY.S_mtWFd3t1qf_R_rlOPjUD4GDh9zVLvG1hu_2mAYM0k&dib_tag=se&keywords=keyboard&qid=1711376436&s=electronics&sprefix=ke%2Celectronics-intl-ship%2C665&sr=1-13
14,"Trueque Wireless Keyboard with 7 Colored Backlits, Wrist Rest, Phone Holder, Rechargeable Ergonomic Keyboard with Silent Light Up Keys, Cordless Computer Keyboard for Windows, Mac, PC, Laptop (Black)",$39.99,4.4 ,https://m.media-amazon.com/images/I/717kiWf0ayL.__AC_SY300_SX300_QL70_FMwebp_.jpg,,https://www.amazon.com/Trueque-Wireless-Keyboard-Rechargeable-Ergonomic/dp/B0CQJ997J1/ref=sr_1_14?crid=1DCSWSAQSZ51W&dib=eyJ2IjoiMSJ9.D8uSb1NwIHcyn7qq4wuDdxnEuJQrOLZ_elfxPfa1GeztHy3nd44ex1B0L2Eo3kcjVAKpFQRTyFrl3r9RxX0nianin5hYa2upwTLKIntGV1d8boZdzF3JQmseRqFhonD0gdJ-7FtvCbG7VslcQ7CnG0vHcak8gl8_Dm3SMItVbzwrswLk2bqnx2D2sLAGcN2ggyMOs_Re-OVIWBNKDUhDuZNiEfAt31H5b5Ob-8eYpkY.S_mtWFd3t1qf_R_rlOPjUD4GDh9zVLvG1hu_2mAYM0k&dib_tag=se&keywords=keyboard&qid=1711376436&s=electronics&sprefix=ke%2Celectronics-intl-ship%2C665&sr=1-14
15,"Lenovo 300 USB Keyboard, Wired, Adjustable Tilt, Ergonomic, Windows 7/8/10, GX30M39655, Black",$13.95,4.5 ,https://m.media-amazon.com/images/I/51ZiX+NuiPL._AC_SY300_SX300_.jpg,The Lenovo 300 USB Keyboard is perfect for those looking for a basic wired USB keyboard that just works This computer keyboard boasts an island key design that makes typing a joy Work smarter and more efficiently with a row of Fn hot keys dedicated arrow keys and a separate number pad area In addition the Lenovo 300 USB Keyboard passed rigorous testing simulations to ensure maximum reliability  A full-size keyboard with a completely ergonomic design the Lenovo 300 is a great choice for home offices businesses students or anyone else who just needs to be productive and get the job done Concaved key caps fit your fingers comfortably while spill-resistant keys and a board drain help keep your PC keyboard protected This basic wired keyboard includes a 1 8m cord and works with any computer or laptop with a USB port – with no setup required you can plug it in and get to work,https://www.amazon.com/Lenovo-Idea-GX30M39655-300-Keyboard/dp/B07MMNVG4L/ref=sr_1_15?crid=1DCSWSAQSZ51W&dib=eyJ2IjoiMSJ9.D8uSb1NwIHcyn7qq4wuDdxnEuJQrOLZ_elfxPfa1GeztHy3nd44ex1B0L2Eo3kcjVAKpFQRTyFrl3r9RxX0nianin5hYa2upwTLKIntGV1d8boZdzF3JQmseRqFhonD0gdJ-7FtvCbG7VslcQ7CnG0vHcak8gl8_Dm3SMItVbzwrswLk2bqnx2D2sLAGcN2ggyMOs_Re-OVIWBNKDUhDuZNiEfAt31H5b5Ob-8eYpkY.S_mtWFd3t1qf_R_rlOPjUD4GDh9zVLvG1hu_2mAYM0k&dib_tag=se&keywords=keyboard&qid=1711376436&s=electronics&sprefix=ke%2Celectronics-intl-ship%2C665&sr=1-15
16,"MageGee 75% Mechanical Gaming Keyboard with Red Switch, LED Blue Backlit Keyboard, 87 Keys Compact TKL Wired Computer Keyboard for Windows Laptop PC Gamer - White/Blue",$25.49,4.3 ,https://m.media-amazon.com/images/I/610hMWJg7QL.__AC_SX300_SY300_QL70_FMwebp_.jpg,,https://www.amazon.com/Mechanical-Keyboard-MageGee-Backlit-Computer/dp/B09MDZY68V/ref=sr_1_16?crid=1DCSWSAQSZ51W&dib=eyJ2IjoiMSJ9.D8uSb1NwIHcyn7qq4wuDdxnEuJQrOLZ_elfxPfa1GeztHy3nd44ex1B0L2Eo3kcjVAKpFQRTyFrl3r9RxX0nianin5hYa2upwTLKIntGV1d8boZdzF3JQmseRqFhonD0gdJ-7FtvCbG7VslcQ7CnG0vHcak8gl8_Dm3SMItVbzwrswLk2bqnx2D2sLAGcN2ggyMOs_Re-OVIWBNKDUhDuZNiEfAt31H5b5Ob-8eYpkY.S_mtWFd3t1qf_R_rlOPjUD4GDh9zVLvG1hu_2mAYM0k&dib_tag=se&keywords=keyboard&qid=1711376436&s=electronics&sprefix=ke%2Celectronics-intl-ship%2C665&sr=1-16
17,"MOFII Wireless Keyboard and Mouse Combo, Pink Wireless Keyboard, 2.4GHz Retro Full Size with Number Pad & Cute Wireless Mouse for Computer PC Laptop Windows XP/7/8/10 (Pink-Colorful)",$30.59,4.4 ,https://m.media-amazon.com/images/I/71hNoEtGZML.__AC_SX300_SY300_QL70_FMwebp_.jpg,,https://www.amazon.com/sspa/click?ie=UTF8&spc=MToyMTU2ODUxMjgxNjEwMDg0OjE3MTEzNzY0MzY6c3BfbXRmOjMwMDA4NzE1MzM2OTIwMjo6MDo6&url=%2FWireless-Keyboard-Computer-Notebook-Pink-Colorful%2Fdp%2FB08N4PWP8V%2Fref%3Dsr_1_17_sspa%3Fcrid%3D1DCSWSAQSZ51W%26dib%3DeyJ2IjoiMSJ9.D8uSb1NwIHcyn7qq4wuDdxnEuJQrOLZ_elfxPfa1GeztHy3nd44ex1B0L2Eo3kcjVAKpFQRTyFrl3r9RxX0nianin5hYa2upwTLKIntGV1d8boZdzF3JQmseRqFhonD0gdJ-7FtvCbG7VslcQ7CnG0vHcak8gl8_Dm3SMItVbzwrswLk2bqnx2D2sLAGcN2ggyMOs_Re-OVIWBNKDUhDuZNiEfAt31H5b5Ob-8eYpkY.S_mtWFd3t1qf_R_rlOPjUD4GDh9zVLvG1hu_2mAYM0k%26dib_tag%3Dse%26keywords%3Dkeyboard%26qid%3D1711376436%26s%3Delectronics%26sprefix%3Dke%252Celectronics-intl-ship%252C665%26sr%3D1-17-spons%26sp_csd%3Dd2lkZ2V0TmFtZT1zcF9tdGY%26psc%3D1
18,"XVX/Womier S-K80 75% Keyboard with Color Multimedia Display Mechanical Gaming Keyboard, Hot Swappable Keyboard, Gasket Mount RGB Custom Keyboard, Pre-lubed Stabilizer for Mac/Win, Black Kanagawa Theme",$69.99,4.7 ,https://m.media-amazon.com/images/I/71WBwf2mkXL.__AC_SX300_SY300_QL70_FMwebp_.jpg,,https://www.amazon.com/XVX-Mechanical-Swappable-Pre-lubed-Stabilizer/dp/B0C9ZJHQHM/ref=sr_1_18?crid=1DCSWSAQSZ51W&dib=eyJ2IjoiMSJ9.D8uSb1NwIHcyn7qq4wuDdxnEuJQrOLZ_elfxPfa1GeztHy3nd44ex1B0L2Eo3kcjVAKpFQRTyFrl3r9RxX0nianin5hYa2upwTLKIntGV1d8boZdzF3JQmseRqFhonD0gdJ-7FtvCbG7VslcQ7CnG0vHcak8gl8_Dm3SMItVbzwrswLk2bqnx2D2sLAGcN2ggyMOs_Re-OVIWBNKDUhDuZNiEfAt31H5b5Ob-8eYpkY.S_mtWFd3t1qf_R_rlOPjUD4GDh9zVLvG1hu_2mAYM0k&dib_tag=se&keywords=keyboard&qid=1711376436&s=electronics&sprefix=ke%2Celectronics-intl-ship%2C665&sr=1-18
19,"MageGee Mini 60% Gaming Keyboard, Upgrade RGB Backlit 61 Key Ultra-Compact Keyboard, TS91 Ergonomic Waterproof Mechanical Feeling Office Computer Keyboard for PC, MAC, PS4, Xbox ONE Gamer(White)",$19.99,4.3 ,https://m.media-amazon.com/images/I/61Owi9NtWPL.__AC_SX300_SY300_QL70_FMwebp_.jpg,,https://www.amazon.com/MageGee-Keyboard-Waterproof-Backlit-Computer/dp/B08NSXRQ98/ref=sr_1_19?crid=1DCSWSAQSZ51W&dib=eyJ2IjoiMSJ9.D8uSb1NwIHcyn7qq4wuDdxnEuJQrOLZ_elfxPfa1GeztHy3nd44ex1B0L2Eo3kcjVAKpFQRTyFrl3r9RxX0nianin5hYa2upwTLKIntGV1d8boZdzF3JQmseRqFhonD0gdJ-7FtvCbG7VslcQ7CnG0vHcak8gl8_Dm3SMItVbzwrswLk2bqnx2D2sLAGcN2ggyMOs_Re-OVIWBNKDUhDuZNiEfAt31H5b5Ob-8eYpkY.S_mtWFd3t1qf_R_rlOPjUD4GDh9zVLvG1hu_2mAYM0k&dib_tag=se&keywords=keyboard&qid=1711376436&s=electronics&sprefix=ke%2Celectronics-intl-ship%2C665&sr=1-19
20,"Computer Keyboard Wired, Plug Play USB Retro Round Typewriter Keyboard, Full Size Wired Keyboard with Foldable Stands for Laptop and Office PC- Milk Tea Colorful",$29.99,4.5 ,https://m.media-amazon.com/images/I/61shRe0eOxL.__AC_SX300_SY300_QL70_FMwebp_.jpg,,https://www.amazon.com/MOWUX-Computer-Keyboard-Typewriter-Foldable/dp/B0BV9WCGN3/ref=sr_1_20?crid=1DCSWSAQSZ51W&dib=eyJ2IjoiMSJ9.D8uSb1NwIHcyn7qq4wuDdxnEuJQrOLZ_elfxPfa1GeztHy3nd44ex1B0L2Eo3kcjVAKpFQRTyFrl3r9RxX0nianin5hYa2upwTLKIntGV1d8boZdzF3JQmseRqFhonD0gdJ-7FtvCbG7VslcQ7CnG0vHcak8gl8_Dm3SMItVbzwrswLk2bqnx2D2sLAGcN2ggyMOs_Re-OVIWBNKDUhDuZNiEfAt31H5b5Ob-8eYpkY.S_mtWFd3t1qf_R_rlOPjUD4GDh9zVLvG1hu_2mAYM0k&dib_tag=se&keywords=keyboard&qid=1711376436&s=electronics&sprefix=ke%2Celectronics-intl-ship%2C665&sr=1-20
21,"Logitech MK570 Wireless Wave Keyboard and Mouse Combo, Black",$62.39,4.5 ,https://m.media-amazon.com/images/I/61AofcGj01S.__AC_SY300_SX300_QL70_FMwebp_.jpg,Wireless Keyboard and Mouse Combo with a wave keyboard design for more comfortable typing without any learning curve.,https://www.amazon.com/Logitech-Comfort-Wireless-Keyboard-Optical/dp/B0725X7NSJ/ref=sr_1_21?crid=1DCSWSAQSZ51W&dib=eyJ2IjoiMSJ9.D8uSb1NwIHcyn7qq4wuDdxnEuJQrOLZ_elfxPfa1GeztHy3nd44ex1B0L2Eo3kcjVAKpFQRTyFrl3r9RxX0nianin5hYa2upwTLKIntGV1d8boZdzF3JQmseRqFhonD0gdJ-7FtvCbG7VslcQ7CnG0vHcak8gl8_Dm3SMItVbzwrswLk2bqnx2D2sLAGcN2ggyMOs_Re-OVIWBNKDUhDuZNiEfAt31H5b5Ob-8eYpkY.S_mtWFd3t1qf_R_rlOPjUD4GDh9zVLvG1hu_2mAYM0k&dib_tag=se&keywords=keyboard&qid=1711376436&s=electronics&sprefix=ke%2Celectronics-intl-ship%2C665&sr=1-21
22,"cimetech Wireless Keyboard, Compact Full Size Wireless Computer Keyboard 2.4G Ultra-Thin Sleek Design for Windows, Computer, Desktop, PC, Notebook, Laptop, Mac - Grey",$24.99,4.4 ,https://m.media-amazon.com/images/I/61zJ0qxg1-L.__AC_SX300_SY300_QL70_FMwebp_.jpg,,https://www.amazon.com/sspa/click?ie=UTF8&spc=MToyMTU2ODUxMjgxNjEwMDg0OjE3MTEzNzY0MzY6c3BfYnRmOjMwMDEyMjM0MDcwOTkwMjo6MDo6&url=%2Fcimetech-Wireless-Keyboard-Computer-Ultra-Thin%2Fdp%2FB0CKMC9RDY%2Fref%3Dsr_1_22_sspa%3Fcrid%3D1DCSWSAQSZ51W%26dib%3DeyJ2IjoiMSJ9.D8uSb1NwIHcyn7qq4wuDdxnEuJQrOLZ_elfxPfa1GeztHy3nd44ex1B0L2Eo3kcjVAKpFQRTyFrl3r9RxX0nianin5hYa2upwTLKIntGV1d8boZdzF3JQmseRqFhonD0gdJ-7FtvCbG7VslcQ7CnG0vHcak8gl8_Dm3SMItVbzwrswLk2bqnx2D2sLAGcN2ggyMOs_Re-OVIWBNKDUhDuZNiEfAt31H5b5Ob-8eYpkY.S_mtWFd3t1qf_R_rlOPjUD4GDh9zVLvG1hu_2mAYM0k%26dib_tag%3Dse%26keywords%3Dkeyboard%26qid%3D1711376436%26s%3Delectronics%26sprefix%3Dke%252Celectronics-intl-ship%252C665%26sr%3D1-22-spons%26sp_csd%3Dd2lkZ2V0TmFtZT1zcF9idGY%26psc%3D1
23,"Wireless Keyboard and Mouse Combo - Pink Retro Keyboard with Round Keycaps, Full-Size Typewriter Keyboard with Detachable Wrist Rest, 2.4GHz Dropout-Free Connection for Mac/Windows/PC(Pink-Colorful)",$37.99,4.5 ,https://m.media-amazon.com/images/I/61Pdrva4n2L.__AC_SY300_SX300_QL70_FMwebp_.jpg,,https://aax-us-iad.amazon.com/x/c/RGgoLxIHesEH12i4Ruwx4mwAAAGOdfwPJQEAAAH2AQBvbm9fdHhuX2JpZDQgICBvbm9fdHhuX2ltcDEgICAu1C6b/https://www.amazon.com/Wireless-Keyboard-Mouse-Combo-Pink-Colorful/dp/B0CQJV4BW3/ref=sxbs_sbv_search_btf?content-id=amzn1.sym.2f0a8989-0b67-47e7-b61e-9e3ef9908602%3Aamzn1.sym.2f0a8989-0b67-47e7-b61e-9e3ef9908602&crid=1DCSWSAQSZ51W&cv_ct_cx=keyboard&dib=eyJ2IjoiMSJ9.S8x9kwh1BWeJEqXFOfff2Q.A1kamLpJHG2_zXia0Ngks4y6r99M1WZhPLQxQ47Jg_w&dib_tag=se&keywords=keyboard&pd_rd_i=B0CQJV4BW3&pd_rd_r=cb78d089-0a76-40a6-a4cb-87b8a5fd8789&pd_rd_w=ql9LN&pd_rd_wg=JV5Hb&pf_rd_p=2f0a8989-0b67-47e7-b61e-9e3ef9908602&pf_rd_r=ZDV86KHJ5T9E83XJHQMJ&qid=1711376436&s=electronics&sbo=RZvfv%2F%2FHxDF%2BO5021pAnSA%3D%3D&sprefix=ke%2Celectronics-intl-ship%2C665&sr=1-1-a61ee601-6e56-4862-a8a2-1d3da5a5406f
24,"AULA Gaming Keyboard, 104 Keys Gaming Keyboard and Mouse Combo with RGB Backlit, All-Metal Panel, PC Gaming Keyboard Mouse, Wired Keyboard for MAC Xbox PC Gamers",$29.99,4.4 ,https://m.media-amazon.com/images/I/71cd3Qs3fEL.__AC_SY300_SX300_QL70_FMwebp_.jpg,,https://www.amazon.com/sspa/click?ie=UTF8&spc=MTozNjc5MzUwMTA0NDY3MDg0OjE3MTEzNzY1MTg6c3BfYXRmX25leHQ6MzAwMTU0NDczODg3OTAyOjowOjo&url=%2FAULA-Keyboard-Backlit-Computer-Windows%2Fdp%2FB0B3RJML38%2Fref%3Dsr_1_17_sspa%3Fcrid%3D1DCSWSAQSZ51W%26dib%3DeyJ2IjoiMSJ9.KStilQrMggEq6GFc8gVpOFgQKnOO6YtfAbeg24lybudMzjD1pHsiS5SBcgIjWTPvxSGNvEKyOafStdIIxV_js3dUDbqk1sjyC1GQcuQri8LC1iKXbuI0PphGHHSCoYFcycRqpzWfjqwHILdCvmITMo5lvpI7x8vRHrQRn4pNsBVeIgcTZU63A0mqvZpmh8oKaE2_WFHWVlodts9qykD8K1u996wBoFEewZEJMO23LKc.eiaXUKH_2Sa17AH6wYcdcjXtlhBbRUfqXE1PbYfFpLs%26dib_tag%3Dse%26keywords%3Dkeyboard%26qid%3D1711376518%26s%3Delectronics%26sprefix%3Dke%252Celectronics-intl-ship%252C665%26sr%3D1-17-spons%26sp_csd%3Dd2lkZ2V0TmFtZT1zcF9hdGZfbmV4dA%26psc%3D1
25,"cimetech Wireless Keyboard, Compact Full Size Wireless Computer Keyboard 2.4G Ultra-Thin Sleek Design for Windows, Computer, Desktop, PC, Notebook, Laptop, Mac - Grey",$24.99,4.4 ,https://m.media-amazon.com/images/I/61zJ0qxg1-L.__AC_SX300_SY300_QL70_FMwebp_.jpg,,https://www.amazon.com/sspa/click?ie=UTF8&spc=MTozNjc5MzUwMTA0NDY3MDg0OjE3MTEzNzY1MTg6c3BfYXRmX25leHQ6MzAwMTIyMzQwNzA5OTAyOjowOjo&url=%2Fcimetech-Wireless-Keyboard-Computer-Ultra-Thin%2Fdp%2FB0CKMC9RDY%2Fref%3Dsr_1_18_sspa%3Fcrid%3D1DCSWSAQSZ51W%26dib%3DeyJ2IjoiMSJ9.KStilQrMggEq6GFc8gVpOFgQKnOO6YtfAbeg24lybudMzjD1pHsiS5SBcgIjWTPvxSGNvEKyOafStdIIxV_js3dUDbqk1sjyC1GQcuQri8LC1iKXbuI0PphGHHSCoYFcycRqpzWfjqwHILdCvmITMo5lvpI7x8vRHrQRn4pNsBVeIgcTZU63A0mqvZpmh8oKaE2_WFHWVlodts9qykD8K1u996wBoFEewZEJMO23LKc.eiaXUKH_2Sa17AH6wYcdcjXtlhBbRUfqXE1PbYfFpLs%26dib_tag%3Dse%26keywords%3Dkeyboard%26qid%3D1711376518%26s%3Delectronics%26sprefix%3Dke%252Celectronics-intl-ship%252C665%26sr%3D1-18-spons%26sp_csd%3Dd2lkZ2V0TmFtZT1zcF9hdGZfbmV4dA%26psc%3D1
26,"Computer Keyboard Wired, Plug Play USB Retro Round Typewriter Keyboard, Full Size Wired Keyboard with Foldable Stands for Laptop and Office PC- Milk Tea Colorful",$29.99,4.5 ,https://m.media-amazon.com/images/I/61shRe0eOxL.__AC_SX300_SY300_QL70_FMwebp_.jpg,,https://www.amazon.com/MOWUX-Computer-Keyboard-Typewriter-Foldable/dp/B0BV9WCGN3/ref=sr_1_19?crid=1DCSWSAQSZ51W&dib=eyJ2IjoiMSJ9.KStilQrMggEq6GFc8gVpOFgQKnOO6YtfAbeg24lybudMzjD1pHsiS5SBcgIjWTPvxSGNvEKyOafStdIIxV_js3dUDbqk1sjyC1GQcuQri8LC1iKXbuI0PphGHHSCoYFcycRqpzWfjqwHILdCvmITMo5lvpI7x8vRHrQRn4pNsBVeIgcTZU63A0mqvZpmh8oKaE2_WFHWVlodts9qykD8K1u996wBoFEewZEJMO23LKc.eiaXUKH_2Sa17AH6wYcdcjXtlhBbRUfqXE1PbYfFpLs&dib_tag=se&keywords=keyboard&qid=1711376518&s=electronics&sprefix=ke%2Celectronics-intl-ship%2C665&sr=1-19
27,"NPET K10V1 Wired Computer Keyboard, Plug and Play, Full-Size with 12 Multimedia Keys, Spill-Resistant, 6.2ft USB Cable, Compatible with PC, Laptop (Black)",$10.99,4.5 ,https://m.media-amazon.com/images/I/61midI-U3cL.__AC_SX300_SY300_QL70_FMwebp_.jpg,,https://www.amazon.com/NPET-Full-Size-Multimedia-Spill-Resistant-Compatible/dp/B0BNHWKZBD/ref=sr_1_20?crid=1DCSWSAQSZ51W&dib=eyJ2IjoiMSJ9.KStilQrMggEq6GFc8gVpOFgQKnOO6YtfAbeg24lybudMzjD1pHsiS5SBcgIjWTPvxSGNvEKyOafStdIIxV_js3dUDbqk1sjyC1GQcuQri8LC1iKXbuI0PphGHHSCoYFcycRqpzWfjqwHILdCvmITMo5lvpI7x8vRHrQRn4pNsBVeIgcTZU63A0mqvZpmh8oKaE2_WFHWVlodts9qykD8K1u996wBoFEewZEJMO23LKc.eiaXUKH_2Sa17AH6wYcdcjXtlhBbRUfqXE1PbYfFpLs&dib_tag=se&keywords=keyboard&qid=1711376518&s=electronics&sprefix=ke%2Celectronics-intl-ship%2C665&sr=1-20
28,"NPET K10 Wired Gaming Keyboard, LED Backlit, Spill-Resistant Design, Multimedia Keys, Quiet Silent USB Membrane Keyboard for Desktop, Computer, PC (Black)",$21.99,4.4 ,https://m.media-amazon.com/images/I/7113k0qNblL.__AC_SY300_SX300_QL70_FMwebp_.jpg,,https://www.amazon.com/NPET-Floating-Keyboard-Mechanical-Illuminated/dp/B01ALLT2W4/ref=sr_1_21?crid=1DCSWSAQSZ51W&dib=eyJ2IjoiMSJ9.KStilQrMggEq6GFc8gVpOFgQKnOO6YtfAbeg24lybudMzjD1pHsiS5SBcgIjWTPvxSGNvEKyOafStdIIxV_js3dUDbqk1sjyC1GQcuQri8LC1iKXbuI0PphGHHSCoYFcycRqpzWfjqwHILdCvmITMo5lvpI7x8vRHrQRn4pNsBVeIgcTZU63A0mqvZpmh8oKaE2_WFHWVlodts9qykD8K1u996wBoFEewZEJMO23LKc.eiaXUKH_2Sa17AH6wYcdcjXtlhBbRUfqXE1PbYfFpLs&dib_tag=se&keywords=keyboard&qid=1711376518&s=electronics&sprefix=ke%2Celectronics-intl-ship%2C665&sr=1-21
29,"Redragon S101 Gaming Keyboard, M601 Mouse, RGB Backlit Gaming Keyboard, Programmable Backlit Gaming Mouse, Value Combo Set [New Version]",$39.99,4.6 ,https://m.media-amazon.com/images/I/71QDJHG1PqL.__AC_SX300_SY300_QL70_FMwebp_.jpg,,https://www.amazon.com/Redragon-S101-Keyboard-Ergonomic-Programmable/dp/B00NLZUM36/ref=sr_1_22?crid=1DCSWSAQSZ51W&dib=eyJ2IjoiMSJ9.KStilQrMggEq6GFc8gVpOFgQKnOO6YtfAbeg24lybudMzjD1pHsiS5SBcgIjWTPvxSGNvEKyOafStdIIxV_js3dUDbqk1sjyC1GQcuQri8LC1iKXbuI0PphGHHSCoYFcycRqpzWfjqwHILdCvmITMo5lvpI7x8vRHrQRn4pNsBVeIgcTZU63A0mqvZpmh8oKaE2_WFHWVlodts9qykD8K1u996wBoFEewZEJMO23LKc.eiaXUKH_2Sa17AH6wYcdcjXtlhBbRUfqXE1PbYfFpLs&dib_tag=se&keywords=keyboard&qid=1711376518&s=electronics&sprefix=ke%2Celectronics-intl-ship%2C665&sr=1-22
30,"NPET K10 Wired Gaming Keyboard, RGB Backlit, Spill-Resistant Design, Multimedia Keys, Quiet Silent USB Membrane Keyboard for Desktop, Computer, PC (Purple)",$20.39,4.7 ,https://m.media-amazon.com/images/I/61k5fFRUvHL.__AC_SX300_SY300_QL70_FMwebp_.jpg,,https://www.amazon.com/NPET-K10-Water-Resistant-Mechanical-Ultra-Slim/dp/B098JVBM6W/ref=sr_1_23?crid=1DCSWSAQSZ51W&dib=eyJ2IjoiMSJ9.KStilQrMggEq6GFc8gVpOFgQKnOO6YtfAbeg24lybudMzjD1pHsiS5SBcgIjWTPvxSGNvEKyOafStdIIxV_js3dUDbqk1sjyC1GQcuQri8LC1iKXbuI0PphGHHSCoYFcycRqpzWfjqwHILdCvmITMo5lvpI7x8vRHrQRn4pNsBVeIgcTZU63A0mqvZpmh8oKaE2_WFHWVlodts9qykD8K1u996wBoFEewZEJMO23LKc.eiaXUKH_2Sa17AH6wYcdcjXtlhBbRUfqXE1PbYfFpLs&dib_tag=se&keywords=keyboard&qid=1711376518&s=electronics&sprefix=ke%2Celectronics-intl-ship%2C665&sr=1-23
31,"MOFII Bluetooth Wireless Keyboard for iPad, Laptop, PC, Mac, Smartphone, Connect 3 Bluetooth Devices, Cute Colorful Round Keys Retro Aesthetic Keyboard - Milk Tea",$39.99,4.3 ,https://m.media-amazon.com/images/I/61EE2iZVE0L.__AC_SX300_SY300_QL70_FMwebp_.jpg,,https://www.amazon.com/MOFII-Bluetooth-Wireless-Smartphone-Aesthetic/dp/B0BV24TTTS/ref=sr_1_24?crid=1DCSWSAQSZ51W&dib=eyJ2IjoiMSJ9.KStilQrMggEq6GFc8gVpOFgQKnOO6YtfAbeg24lybudMzjD1pHsiS5SBcgIjWTPvxSGNvEKyOafStdIIxV_js3dUDbqk1sjyC1GQcuQri8LC1iKXbuI0PphGHHSCoYFcycRqpzWfjqwHILdCvmITMo5lvpI7x8vRHrQRn4pNsBVeIgcTZU63A0mqvZpmh8oKaE2_WFHWVlodts9qykD8K1u996wBoFEewZEJMO23LKc.eiaXUKH_2Sa17AH6wYcdcjXtlhBbRUfqXE1PbYfFpLs&dib_tag=se&keywords=keyboard&qid=1711376518&s=electronics&sprefix=ke%2Celectronics-intl-ship%2C665&sr=1-24
32,"RK ROYAL KLUDGE S108 Typewriter Keyboard, Retro Mechanical Gaming Keyboard Wired 108 Keys with RGB Backlit Sidelight, Detachable Wrist Rest, Round Keycaps Blue Switches - Black",$66.99,4.6 ,https://m.media-amazon.com/images/I/71MFO2LGM5L.__AC_SY300_SX300_QL70_FMwebp_.jpg,,https://www.amazon.com/RK-ROYAL-KLUDGE-Typewriter-Collapsible/dp/B07XVCP7F5/ref=sr_1_25?crid=1DCSWSAQSZ51W&dib=eyJ2IjoiMSJ9.KStilQrMggEq6GFc8gVpOFgQKnOO6YtfAbeg24lybudMzjD1pHsiS5SBcgIjWTPvxSGNvEKyOafStdIIxV_js3dUDbqk1sjyC1GQcuQri8LC1iKXbuI0PphGHHSCoYFcycRqpzWfjqwHILdCvmITMo5lvpI7x8vRHrQRn4pNsBVeIgcTZU63A0mqvZpmh8oKaE2_WFHWVlodts9qykD8K1u996wBoFEewZEJMO23LKc.eiaXUKH_2Sa17AH6wYcdcjXtlhBbRUfqXE1PbYfFpLs&dib_tag=se&keywords=keyboard&qid=1711376518&s=electronics&sprefix=ke%2Celectronics-intl-ship%2C665&sr=1-25
33,,,,,,https://www.amazon.com/Keyboard-7-Color-Multimedia-Anti-ghosting-Waterproof/dp/B09YRBD8TM/ref=sr_1_26?crid=1DCSWSAQSZ51W&dib=eyJ2IjoiMSJ9.KStilQrMggEq6GFc8gVpOFgQKnOO6YtfAbeg24lybudMzjD1pHsiS5SBcgIjWTPvxSGNvEKyOafStdIIxV_js3dUDbqk1sjyC1GQcuQri8LC1iKXbuI0PphGHHSCoYFcycRqpzWfjqwHILdCvmITMo5lvpI7x8vRHrQRn4pNsBVeIgcTZU63A0mqvZpmh8oKaE2_WFHWVlodts9qykD8K1u996wBoFEewZEJMO23LKc.eiaXUKH_2Sa17AH6wYcdcjXtlhBbRUfqXE1PbYfFpLs&dib_tag=se&keywords=keyboard&qid=1711376518&s=electronics&sprefix=ke%2Celectronics-intl-ship%2C665&sr=1-26
34,"Redragon K673 PRO 75% Wireless Gasket RGB Gaming Keyboard, 3-Modes 81 Keys Compact Mechanical Keyboard w/Hot-Swap Socket, Dedicated Knob Control & Sound Absorbing Pads, Linear Red Switch",$64.99,4.7 ,https://m.media-amazon.com/images/I/61AmpGY5Z3L.__AC_SX300_SY300_QL70_FMwebp_.jpg,,https://www.amazon.com/sspa/click?ie=UTF8&spc=MTozNjc5MzUwMTA0NDY3MDg0OjE3MTEzNzY1MTg6c3BfbXRmOjMwMDE0OTk5ODU1MzUwMjo6MDo6&url=%2FRedragon-K673-Mechanical-Dedicated-Absorbing%2Fdp%2FB0CLG95X4G%2Fref%3Dsr_1_27_sspa%3Fcrid%3D1DCSWSAQSZ51W%26dib%3DeyJ2IjoiMSJ9.KStilQrMggEq6GFc8gVpOFgQKnOO6YtfAbeg24lybudMzjD1pHsiS5SBcgIjWTPvxSGNvEKyOafStdIIxV_js3dUDbqk1sjyC1GQcuQri8LC1iKXbuI0PphGHHSCoYFcycRqpzWfjqwHILdCvmITMo5lvpI7x8vRHrQRn4pNsBVeIgcTZU63A0mqvZpmh8oKaE2_WFHWVlodts9qykD8K1u996wBoFEewZEJMO23LKc.eiaXUKH_2Sa17AH6wYcdcjXtlhBbRUfqXE1PbYfFpLs%26dib_tag%3Dse%26keywords%3Dkeyboard%26qid%3D1711376518%26s%3Delectronics%26sprefix%3Dke%252Celectronics-intl-ship%252C665%26sr%3D1-27-spons%26sp_csd%3Dd2lkZ2V0TmFtZT1zcF9tdGY%26psc%3D1
35,"AULA F99 Wireless Mechanical Keyboard,Tri-Mode Bluetooth 5.0/2.4GHz/USB-C Hot Swappable Custom Keyboard,Pre-lubed Linear Switches,Gasket Structure,RGB Backlit Gaming Keyboard for PC/Tablet/PS/Xbox",$82.89,4.8 ,https://m.media-amazon.com/images/I/61mB8mL33pL.__AC_SX300_SY300_QL70_FMwebp_.jpg,,https://www.amazon.com/sspa/click?ie=UTF8&spc=MTozNjc5MzUwMTA0NDY3MDg0OjE3MTEzNzY1MTg6c3BfbXRmOjMwMDEyMjY4Njg0NzQwMjo6MDo6&url=%2FAULA-F99-Mechanical-Bluetooth-Swappable%2Fdp%2FB0CLLHSWRL%2Fref%3Dsr_1_28_sspa%3Fcrid%3D1DCSWSAQSZ51W%26dib%3DeyJ2IjoiMSJ9.KStilQrMggEq6GFc8gVpOFgQKnOO6YtfAbeg24lybudMzjD1pHsiS5SBcgIjWTPvxSGNvEKyOafStdIIxV_js3dUDbqk1sjyC1GQcuQri8LC1iKXbuI0PphGHHSCoYFcycRqpzWfjqwHILdCvmITMo5lvpI7x8vRHrQRn4pNsBVeIgcTZU63A0mqvZpmh8oKaE2_WFHWVlodts9qykD8K1u996wBoFEewZEJMO23LKc.eiaXUKH_2Sa17AH6wYcdcjXtlhBbRUfqXE1PbYfFpLs%26dib_tag%3Dse%26keywords%3Dkeyboard%26qid%3D1711376518%26s%3Delectronics%26sprefix%3Dke%252Celectronics-intl-ship%252C665%26sr%3D1-28-spons%26sp_csd%3Dd2lkZ2V0TmFtZT1zcF9tdGY%26psc%3D1
36,"havit Mechanical Keyboard, Wired Compact PC Keyboard with Number Pad Red Switch Mechanical Gaming Keyboard 89 Keys for Computer/Laptop (Black)",$42.99,4.5 ,https://m.media-amazon.com/images/I/71yGtauB-AL.__AC_SX300_SY300_QL70_FMwebp_.jpg,,https://www.amazon.com/Mechanical-Keyboard-Gaming-Keycaps-Computer/dp/B085ZDXGZW/ref=sr_1_29?crid=1DCSWSAQSZ51W&dib=eyJ2IjoiMSJ9.KStilQrMggEq6GFc8gVpOFgQKnOO6YtfAbeg24lybudMzjD1pHsiS5SBcgIjWTPvxSGNvEKyOafStdIIxV_js3dUDbqk1sjyC1GQcuQri8LC1iKXbuI0PphGHHSCoYFcycRqpzWfjqwHILdCvmITMo5lvpI7x8vRHrQRn4pNsBVeIgcTZU63A0mqvZpmh8oKaE2_WFHWVlodts9qykD8K1u996wBoFEewZEJMO23LKc.eiaXUKH_2Sa17AH6wYcdcjXtlhBbRUfqXE1PbYfFpLs&dib_tag=se&keywords=keyboard&qid=1711376518&s=electronics&sprefix=ke%2Celectronics-intl-ship%2C665&sr=1-29
37,,,,,,https://www.amazon.com/Wireless-Keyboard-Computer-Notebook-Pink-Colorful/dp/B08N4PWP8V/ref=sr_1_30?crid=1DCSWSAQSZ51W&dib=eyJ2IjoiMSJ9.KStilQrMggEq6GFc8gVpOFgQKnOO6YtfAbeg24lybudMzjD1pHsiS5SBcgIjWTPvxSGNvEKyOafStdIIxV_js3dUDbqk1sjyC1GQcuQri8LC1iKXbuI0PphGHHSCoYFcycRqpzWfjqwHILdCvmITMo5lvpI7x8vRHrQRn4pNsBVeIgcTZU63A0mqvZpmh8oKaE2_WFHWVlodts9qykD8K1u996wBoFEewZEJMO23LKc.eiaXUKH_2Sa17AH6wYcdcjXtlhBbRUfqXE1PbYfFpLs&dib_tag=se&keywords=keyboard&qid=1711376518&s=electronics&sprefix=ke%2Celectronics-intl-ship%2C665&sr=1-30
38,,,,,,https://www.amazon.com/Rii-Ultra-Slim-Compact-Keyboard-Windows/dp/B0BXNGJ2LD/ref=sr_1_31?crid=1DCSWSAQSZ51W&dib=eyJ2IjoiMSJ9.KStilQrMggEq6GFc8gVpOFgQKnOO6YtfAbeg24lybudMzjD1pHsiS5SBcgIjWTPvxSGNvEKyOafStdIIxV_js3dUDbqk1sjyC1GQcuQri8LC1iKXbuI0PphGHHSCoYFcycRqpzWfjqwHILdCvmITMo5lvpI7x8vRHrQRn4pNsBVeIgcTZU63A0mqvZpmh8oKaE2_WFHWVlodts9qykD8K1u996wBoFEewZEJMO23LKc.eiaXUKH_2Sa17AH6wYcdcjXtlhBbRUfqXE1PbYfFpLs&dib_tag=se&keywords=keyboard&qid=1711376518&s=electronics&sprefix=ke%2Celectronics-intl-ship%2C665&sr=1-31
39,"SABLUTE Large Print Backlit Keyboard, Wired Lighted USB Computer Keyboards with 7-Color Backlit, Wrist Rest, Phone Holder, Easy for Elderly to Read and Type for Laptop, PC, Windows, Desktop",$29.99,4.4 ,https://m.media-amazon.com/images/I/71hB0DQd52L.__AC_SX300_SY300_QL70_FMwebp_.jpg,,https://www.amazon.com/SABLUTE-Keyboard-Computer-Keyboards-Compatible/dp/B0CDFMW94G/ref=sr_1_32?crid=1DCSWSAQSZ51W&dib=eyJ2IjoiMSJ9.KStilQrMggEq6GFc8gVpOFgQKnOO6YtfAbeg24lybudMzjD1pHsiS5SBcgIjWTPvxSGNvEKyOafStdIIxV_js3dUDbqk1sjyC1GQcuQri8LC1iKXbuI0PphGHHSCoYFcycRqpzWfjqwHILdCvmITMo5lvpI7x8vRHrQRn4pNsBVeIgcTZU63A0mqvZpmh8oKaE2_WFHWVlodts9qykD8K1u996wBoFEewZEJMO23LKc.eiaXUKH_2Sa17AH6wYcdcjXtlhBbRUfqXE1PbYfFpLs&dib_tag=se&keywords=keyboard&qid=1711376518&s=electronics&sprefix=ke%2Celectronics-intl-ship%2C665&sr=1-32
40,Logitech MK335 Wireless Keyboard and Mouse Combo - Black/Silver,$36.99,4.5 ,https://m.media-amazon.com/images/I/5110JBRA1-L.__AC_SY300_SX300_QL70_FMwebp_.jpg,"Logitech wireless Combo Mk335. The combo that puts entertainment and portability at your fingertips. With 11 hot keys, you'll enjoy Instant access to the things you do most. Low-profile, whisper-quiet keyboard helps make typing and surfing easy. And the mouse stores The tiny Logitech receiver, so you can take your mouse wherever you go.",https://www.amazon.com/Logitech-13004-MK335/dp/B072JX77X6/ref=sr_1_33?crid=1DCSWSAQSZ51W&dib=eyJ2IjoiMSJ9.KStilQrMggEq6GFc8gVpOFgQKnOO6YtfAbeg24lybudMzjD1pHsiS5SBcgIjWTPvxSGNvEKyOafStdIIxV_js3dUDbqk1sjyC1GQcuQri8LC1iKXbuI0PphGHHSCoYFcycRqpzWfjqwHILdCvmITMo5lvpI7x8vRHrQRn4pNsBVeIgcTZU63A0mqvZpmh8oKaE2_WFHWVlodts9qykD8K1u996wBoFEewZEJMO23LKc.eiaXUKH_2Sa17AH6wYcdcjXtlhBbRUfqXE1PbYfFpLs&dib_tag=se&keywords=keyboard&qid=1711376518&s=electronics&sprefix=ke%2Celectronics-intl-ship%2C665&sr=1-33
41,"Camiysn Typewriter Style Mechanical Gaming Keyboard, Black Retro Punk Gaming Keyboard with RGB Backlit, 104 Keys Blue Switch Wired Cute Keyboard, Round Keycaps for Windows/Mac/PC",$36.99,4.4 ,https://m.media-amazon.com/images/I/8196nDEwHnL.__AC_SX300_SY300_QL70_FMwebp_.jpg,,https://www.amazon.com/Typewriter-Mechanical-Keyboard-Backlit-Keycaps/dp/B09DK9CSTQ/ref=sr_1_34?crid=1DCSWSAQSZ51W&dib=eyJ2IjoiMSJ9.KStilQrMggEq6GFc8gVpOFgQKnOO6YtfAbeg24lybudMzjD1pHsiS5SBcgIjWTPvxSGNvEKyOafStdIIxV_js3dUDbqk1sjyC1GQcuQri8LC1iKXbuI0PphGHHSCoYFcycRqpzWfjqwHILdCvmITMo5lvpI7x8vRHrQRn4pNsBVeIgcTZU63A0mqvZpmh8oKaE2_WFHWVlodts9qykD8K1u996wBoFEewZEJMO23LKc.eiaXUKH_2Sa17AH6wYcdcjXtlhBbRUfqXE1PbYfFpLs&dib_tag=se&keywords=keyboard&qid=1711376518&s=electronics&sprefix=ke%2Celectronics-intl-ship%2C665&sr=1-34
42,,,,,,https://www.amazon.com/Computer-Keyboard-Indicators-Spill-Resistant-Anti-Wear/dp/B09NLS9TK4/ref=sr_1_35?crid=1DCSWSAQSZ51W&dib=eyJ2IjoiMSJ9.KStilQrMggEq6GFc8gVpOFgQKnOO6YtfAbeg24lybudMzjD1pHsiS5SBcgIjWTPvxSGNvEKyOafStdIIxV_js3dUDbqk1sjyC1GQcuQri8LC1iKXbuI0PphGHHSCoYFcycRqpzWfjqwHILdCvmITMo5lvpI7x8vRHrQRn4pNsBVeIgcTZU63A0mqvZpmh8oKaE2_WFHWVlodts9qykD8K1u996wBoFEewZEJMO23LKc.eiaXUKH_2Sa17AH6wYcdcjXtlhBbRUfqXE1PbYfFpLs&dib_tag=se&keywords=keyboard&qid=1711376518&s=electronics&sprefix=ke%2Celectronics-intl-ship%2C665&sr=1-35
43,"Snpurdiri 60% Wired Gaming Keyboard, RGB Backlit Mini Keyboard, Waterproof Small Ultra-Compact 61 Keys Keyboard for PC/Mac Gamer, Typist, Travel, Easy to Carry on Business Trip(Black-White)",$27.98,4.3 ,https://m.media-amazon.com/images/I/61UGJ7z-sUL.__AC_SX300_SY300_QL70_FMwebp_.jpg,,https://www.amazon.com/Snpurdiri-Keyboard-Ultra-Compact-Waterproof-Black-White/dp/B097T276QL/ref=sr_1_36?crid=1DCSWSAQSZ51W&dib=eyJ2IjoiMSJ9.KStilQrMggEq6GFc8gVpOFgQKnOO6YtfAbeg24lybudMzjD1pHsiS5SBcgIjWTPvxSGNvEKyOafStdIIxV_js3dUDbqk1sjyC1GQcuQri8LC1iKXbuI0PphGHHSCoYFcycRqpzWfjqwHILdCvmITMo5lvpI7x8vRHrQRn4pNsBVeIgcTZU63A0mqvZpmh8oKaE2_WFHWVlodts9qykD8K1u996wBoFEewZEJMO23LKc.eiaXUKH_2Sa17AH6wYcdcjXtlhBbRUfqXE1PbYfFpLs&dib_tag=se&keywords=keyboard&qid=1711376518&s=electronics&sprefix=ke%2Celectronics-intl-ship%2C665&sr=1-36
44,"Large Print Backlit Keyboard, Quiet USB Wired Computer Keyboard, Full Size Keyboard with White Illuminated LED Compatible for Windows Desktop, Laptop, PC, Gaming, Black",$28.99,4.5 ,https://m.media-amazon.com/images/I/71lI0RJAInL.__AC_SX300_SY300_QL70_FMwebp_.jpg,,https://www.amazon.com/sspa/click?ie=UTF8&spc=MTozNjc5MzUwMTA0NDY3MDg0OjE3MTEzNzY1MTg6c3BfYnRmOjIwMDA1NzIzOTk2MDY5ODo6MDo6&url=%2FKeyboard-KopJippom-Computer-Illuminated-Compatible%2Fdp%2FB09LH4KF5H%2Fref%3Dsr_1_37_sspa%3Fcrid%3D1DCSWSAQSZ51W%26dib%3DeyJ2IjoiMSJ9.KStilQrMggEq6GFc8gVpOFgQKnOO6YtfAbeg24lybudMzjD1pHsiS5SBcgIjWTPvxSGNvEKyOafStdIIxV_js3dUDbqk1sjyC1GQcuQri8LC1iKXbuI0PphGHHSCoYFcycRqpzWfjqwHILdCvmITMo5lvpI7x8vRHrQRn4pNsBVeIgcTZU63A0mqvZpmh8oKaE2_WFHWVlodts9qykD8K1u996wBoFEewZEJMO23LKc.eiaXUKH_2Sa17AH6wYcdcjXtlhBbRUfqXE1PbYfFpLs%26dib_tag%3Dse%26keywords%3Dkeyboard%26qid%3D1711376518%26s%3Delectronics%26sprefix%3Dke%252Celectronics-intl-ship%252C665%26sr%3D1-37-spons%26sp_csd%3Dd2lkZ2V0TmFtZT1zcF9idGY%26psc%3D1
45,"Gaming Keyboard, 7-Color Rainbow LED Backlit, 104 Keys Quiet Light Up Keyboard, Wrist Rest, Whisper Silent, Anti-ghosting Multimedia Keys, Waterproof USB Wired Keyboard for PC Mac Xbox",$19.99,4.5 ,https://m.media-amazon.com/images/I/71xV95j1TyL.__AC_SX300_SY300_QL70_FMwebp_.jpg,,https://www.amazon.com/sspa/click?ie=UTF8&spc=MTozNjc5MzUwMTA0NDY3MDg0OjE3MTEzNzY1MTg6c3BfYnRmOjIwMDA2MzE3MDE5Nzc5ODo6MDo6&url=%2FKeyboard-7-Color-Multimedia-Anti-ghosting-Waterproof%2Fdp%2FB09YRBD8TM%2Fref%3Dsr_1_38_sspa%3Fcrid%3D1DCSWSAQSZ51W%26dib%3DeyJ2IjoiMSJ9.KStilQrMggEq6GFc8gVpOFgQKnOO6YtfAbeg24lybudMzjD1pHsiS5SBcgIjWTPvxSGNvEKyOafStdIIxV_js3dUDbqk1sjyC1GQcuQri8LC1iKXbuI0PphGHHSCoYFcycRqpzWfjqwHILdCvmITMo5lvpI7x8vRHrQRn4pNsBVeIgcTZU63A0mqvZpmh8oKaE2_WFHWVlodts9qykD8K1u996wBoFEewZEJMO23LKc.eiaXUKH_2Sa17AH6wYcdcjXtlhBbRUfqXE1PbYfFpLs%26dib_tag%3Dse%26keywords%3Dkeyboard%26qid%3D1711376518%26s%3Delectronics%26sprefix%3Dke%252Celectronics-intl-ship%252C665%26sr%3D1-38-spons%26sp_csd%3Dd2lkZ2V0TmFtZT1zcF9idGY%26psc%3D1
46,"Wireless Keyboard and Mouse Combo - RGB Backlit, Rechargeable & Light Up Letters, Full-Size, Ergonomic Tilt Angle, Sleep Mode, 2.4GHz Quiet Keyboard Mouse for Mac, Windows, Laptop, PC, Trueque",$39.99,4.3 ,https://m.media-amazon.com/images/I/71PuVChUUIL.__AC_SX300_SY300_QL70_FMwebp_.jpg,,https://aax-us-iad.amazon.com/x/c/RHIflgxX1BcX0aC7HiGLTFMAAAGOdf1L1AEAAAH2AQBvbm9fdHhuX2JpZDUgICBvbm9fdHhuX2ltcDEgICBZZqCu/https://www.amazon.com/Wireless-Keyboard-Rechargeable-Ergonomic-Foldable/dp/B09TKH352V/ref=sxbs_sbv_search_btf?content-id=amzn1.sym.805ca70d-e057-4820-b9b3-729eee71f8a9%3Aamzn1.sym.805ca70d-e057-4820-b9b3-729eee71f8a9&crid=1DCSWSAQSZ51W&cv_ct_cx=keyboard&dib=eyJ2IjoiMSJ9.9moEQ8CXCXeGGmqJFZVW1w.NL5H8C5_pX0uwbEvjB50UcBmWH0oqE5sVP0-vJGvxTA&dib_tag=se&keywords=keyboard&pd_rd_i=B09TKH352V&pd_rd_r=5d16e1f0-0fbe-4246-a08e-eff70ac686bb&pd_rd_w=Wbcxn&pd_rd_wg=J23RR&pf_rd_p=805ca70d-e057-4820-b9b3-729eee71f8a9&pf_rd_r=MY3768P31TDK38SZH8RB&qid=1711376518&s=electronics&sbo=RZvfv%2F%2FHxDF%2BO5021pAnSA%3D%3D&sprefix=ke%2Celectronics-intl-ship%2C665&sr=1-17-48f7baba-8e26-45f3-8811-e1a601ad20bf
47,"RedThunder K10 Wireless Gaming Keyboard and Mouse Combo, LED Backlit Rechargeable 3800mAh Battery, Mechanical Feel Anti-ghosting Keyboard + 7D 3200DPI Mice for PC Gamer (Black)",$44.79,4.0 ,https://m.media-amazon.com/images/I/51dWD9ukeSL._SX300_SY300_QL70_FMwebp_.jpg,,https://www.amazon.com/sspa/click?ie=UTF8&spc=MTozNTM3OTA2NDY1MTQ3MDg0OjE3MTEzNzY1ODI6c3BfYXRmX25leHQ6MjAwMDgyOTY0Nzg5MDYxOjowOjo&url=%2FRedThunder-Wireless-Rechargeable-Mechanical-Anti-ghosting%2Fdp%2FB09BR46F63%2Fref%3Dsr_1_33_sspa%3Fcrid%3D1DCSWSAQSZ51W%26dib%3DeyJ2IjoiMSJ9.L618kf26hvIucC5TYRjToYUce-iV-E8VhQcAEtaSUlaJH6wIiFGMAuytI4riy2l8bd8ctsO-yVaid_dldtrX71zrkR4vqAGZW3pp1W6TaY9hYwZQR-SSoiZb-lrU8kqaoHxwiy9Yf2jL2SrNspnbmbh2qt9SPXmGuUXy-u20jeGY0FHOcQOrIQEa09HUQZCc8iTod8erCuOPwfEB9FzgMiAHmbVeIMEAWCGSxsTps08.w1ALkjvlZaqpoGFoNaxT0udTyGDFk0fgVeApzPpNX7M%26dib_tag%3Dse%26keywords%3Dkeyboard%26qid%3D1711376582%26s%3Delectronics%26sprefix%3Dke%252Celectronics-intl-ship%252C665%26sr%3D1-33-spons%26sp_csd%3Dd2lkZ2V0TmFtZT1zcF9hdGZfbmV4dA%26psc%3D1
48,"AULA Gaming Keyboard, 104 Keys Gaming Keyboard and Mouse Combo with RGB Backlit, All-Metal Panel, PC Gaming Keyboard Mouse, Wired Keyboard for MAC Xbox PC Gamers",$29.99,4.4 ,https://m.media-amazon.com/images/I/71cd3Qs3fEL.__AC_SY300_SX300_QL70_FMwebp_.jpg,,https://www.amazon.com/sspa/click?ie=UTF8&spc=MTozNTM3OTA2NDY1MTQ3MDg0OjE3MTEzNzY1ODI6c3BfYXRmX25leHQ6MzAwMTU0NDczODg3OTAyOjowOjo&url=%2FAULA-Keyboard-Backlit-Computer-Windows%2Fdp%2FB0B3RJML38%2Fref%3Dsr_1_34_sspa%3Fcrid%3D1DCSWSAQSZ51W%26dib%3DeyJ2IjoiMSJ9.L618kf26hvIucC5TYRjToYUce-iV-E8VhQcAEtaSUlaJH6wIiFGMAuytI4riy2l8bd8ctsO-yVaid_dldtrX71zrkR4vqAGZW3pp1W6TaY9hYwZQR-SSoiZb-lrU8kqaoHxwiy9Yf2jL2SrNspnbmbh2qt9SPXmGuUXy-u20jeGY0FHOcQOrIQEa09HUQZCc8iTod8erCuOPwfEB9FzgMiAHmbVeIMEAWCGSxsTps08.w1ALkjvlZaqpoGFoNaxT0udTyGDFk0fgVeApzPpNX7M%26dib_tag%3Dse%26keywords%3Dkeyboard%26qid%3D1711376582%26s%3Delectronics%26sprefix%3Dke%252Celectronics-intl-ship%252C665%26sr%3D1-34-spons%26sp_csd%3Dd2lkZ2V0TmFtZT1zcF9hdGZfbmV4dA%26psc%3D1
49,,,,,,https://www.amazon.com/AULA-Keyboard-Backlit-Computer-Windows/dp/B0B3RJML38/ref=sr_1_35?crid=1DCSWSAQSZ51W&dib=eyJ2IjoiMSJ9.L618kf26hvIucC5TYRjToYUce-iV-E8VhQcAEtaSUlaJH6wIiFGMAuytI4riy2l8bd8ctsO-yVaid_dldtrX71zrkR4vqAGZW3pp1W6TaY9hYwZQR-SSoiZb-lrU8kqaoHxwiy9Yf2jL2SrNspnbmbh2qt9SPXmGuUXy-u20jeGY0FHOcQOrIQEa09HUQZCc8iTod8erCuOPwfEB9FzgMiAHmbVeIMEAWCGSxsTps08.w1ALkjvlZaqpoGFoNaxT0udTyGDFk0fgVeApzPpNX7M&dib_tag=se&keywords=keyboard&qid=1711376582&s=electronics&sprefix=ke%2Celectronics-intl-ship%2C665&sr=1-35
50,"SteelSeries Apex 3 TKL RGB Gaming Keyboard – Tenkeyless Compact Form Factor - 8-Zone RGB Illumination – IP32 Water & Dust Resistant – Whisper Quiet Gaming Switch – Gaming Grade Anti-Ghosting,Black",$28.89,4.6 ,https://m.media-amazon.com/images/I/71UnL+fUeWL._AC_SY300_SX300_.jpg,"Every aspect of the Prime+ mouse was meticulously designed with a single goal in mind: victory. Co-developed with the world’s leading competitive players, the Prime+ mouse has a battle-tested shape, lightweight form factor, hyper durable design, textured matte finish, esports pro sensor performance, and full on-board customization.",https://www.amazon.com/SteelSeries-Apex-Gaming-Keyboard-Anti-Ghosting/dp/B09FTNMT84/ref=sr_1_36?crid=1DCSWSAQSZ51W&dib=eyJ2IjoiMSJ9.L618kf26hvIucC5TYRjToYUce-iV-E8VhQcAEtaSUlaJH6wIiFGMAuytI4riy2l8bd8ctsO-yVaid_dldtrX71zrkR4vqAGZW3pp1W6TaY9hYwZQR-SSoiZb-lrU8kqaoHxwiy9Yf2jL2SrNspnbmbh2qt9SPXmGuUXy-u20jeGY0FHOcQOrIQEa09HUQZCc8iTod8erCuOPwfEB9FzgMiAHmbVeIMEAWCGSxsTps08.w1ALkjvlZaqpoGFoNaxT0udTyGDFk0fgVeApzPpNX7M&dib_tag=se&keywords=keyboard&qid=1711376582&s=electronics&sprefix=ke%2Celectronics-intl-ship%2C665&sr=1-36
51,,,,,,https://www.amazon.com/Dell-Wired-Keyboard-Black-580-ADMT/dp/B00ZYLMQH0/ref=sr_1_37?crid=1DCSWSAQSZ51W&dib=eyJ2IjoiMSJ9.L618kf26hvIucC5TYRjToYUce-iV-E8VhQcAEtaSUlaJH6wIiFGMAuytI4riy2l8bd8ctsO-yVaid_dldtrX71zrkR4vqAGZW3pp1W6TaY9hYwZQR-SSoiZb-lrU8kqaoHxwiy9Yf2jL2SrNspnbmbh2qt9SPXmGuUXy-u20jeGY0FHOcQOrIQEa09HUQZCc8iTod8erCuOPwfEB9FzgMiAHmbVeIMEAWCGSxsTps08.w1ALkjvlZaqpoGFoNaxT0udTyGDFk0fgVeApzPpNX7M&dib_tag=se&keywords=keyboard&qid=1711376582&s=electronics&sprefix=ke%2Celectronics-intl-ship%2C665&sr=1-37
52,,,,,,https://www.amazon.com/AULA-F2088-Mechanical-Removable-Keyboards/dp/B09DKQWTNC/ref=sr_1_38?crid=1DCSWSAQSZ51W&dib=eyJ2IjoiMSJ9.L618kf26hvIucC5TYRjToYUce-iV-E8VhQcAEtaSUlaJH6wIiFGMAuytI4riy2l8bd8ctsO-yVaid_dldtrX71zrkR4vqAGZW3pp1W6TaY9hYwZQR-SSoiZb-lrU8kqaoHxwiy9Yf2jL2SrNspnbmbh2qt9SPXmGuUXy-u20jeGY0FHOcQOrIQEa09HUQZCc8iTod8erCuOPwfEB9FzgMiAHmbVeIMEAWCGSxsTps08.w1ALkjvlZaqpoGFoNaxT0udTyGDFk0fgVeApzPpNX7M&dib_tag=se&keywords=keyboard&qid=1711376582&s=electronics&sprefix=ke%2Celectronics-intl-ship%2C665&sr=1-38
53,,,,,,https://www.amazon.com/Wireless-Keyboard-EDJO-Ergonomic-PC%EF%BC%88Black%EF%BC%89/dp/B095VM6J1R/ref=sr_1_39?crid=1DCSWSAQSZ51W&dib=eyJ2IjoiMSJ9.L618kf26hvIucC5TYRjToYUce-iV-E8VhQcAEtaSUlaJH6wIiFGMAuytI4riy2l8bd8ctsO-yVaid_dldtrX71zrkR4vqAGZW3pp1W6TaY9hYwZQR-SSoiZb-lrU8kqaoHxwiy9Yf2jL2SrNspnbmbh2qt9SPXmGuUXy-u20jeGY0FHOcQOrIQEa09HUQZCc8iTod8erCuOPwfEB9FzgMiAHmbVeIMEAWCGSxsTps08.w1ALkjvlZaqpoGFoNaxT0udTyGDFk0fgVeApzPpNX7M&dib_tag=se&keywords=keyboard&qid=1711376582&s=electronics&sprefix=ke%2Celectronics-intl-ship%2C665&sr=1-39
54,,,,,,https://www.amazon.com/SABLUTE-Keyboard-Computer-Oversize-Compatible/dp/B0BRMCPPZ5/ref=sr_1_40?crid=1DCSWSAQSZ51W&dib=eyJ2IjoiMSJ9.L618kf26hvIucC5TYRjToYUce-iV-E8VhQcAEtaSUlaJH6wIiFGMAuytI4riy2l8bd8ctsO-yVaid_dldtrX71zrkR4vqAGZW3pp1W6TaY9hYwZQR-SSoiZb-lrU8kqaoHxwiy9Yf2jL2SrNspnbmbh2qt9SPXmGuUXy-u20jeGY0FHOcQOrIQEa09HUQZCc8iTod8erCuOPwfEB9FzgMiAHmbVeIMEAWCGSxsTps08.w1ALkjvlZaqpoGFoNaxT0udTyGDFk0fgVeApzPpNX7M&dib_tag=se&keywords=keyboard&qid=1711376582&s=electronics&sprefix=ke%2Celectronics-intl-ship%2C665&sr=1-40
55,,,,,,https://www.amazon.com/Keyboard-Multimedia-Computer-Spill-Resistant-Anti-Wear/dp/B0BJDPT8V3/ref=sr_1_41?crid=1DCSWSAQSZ51W&dib=eyJ2IjoiMSJ9.L618kf26hvIucC5TYRjToYUce-iV-E8VhQcAEtaSUlaJH6wIiFGMAuytI4riy2l8bd8ctsO-yVaid_dldtrX71zrkR4vqAGZW3pp1W6TaY9hYwZQR-SSoiZb-lrU8kqaoHxwiy9Yf2jL2SrNspnbmbh2qt9SPXmGuUXy-u20jeGY0FHOcQOrIQEa09HUQZCc8iTod8erCuOPwfEB9FzgMiAHmbVeIMEAWCGSxsTps08.w1ALkjvlZaqpoGFoNaxT0udTyGDFk0fgVeApzPpNX7M&dib_tag=se&keywords=keyboard&qid=1711376582&s=electronics&sprefix=ke%2Celectronics-intl-ship%2C665&sr=1-41
56,,,,,,https://www.amazon.com/Redragon-K552-Mechanical-Keyboard-Equivalent/dp/B016MAK38U/ref=sr_1_42?crid=1DCSWSAQSZ51W&dib=eyJ2IjoiMSJ9.L618kf26hvIucC5TYRjToYUce-iV-E8VhQcAEtaSUlaJH6wIiFGMAuytI4riy2l8bd8ctsO-yVaid_dldtrX71zrkR4vqAGZW3pp1W6TaY9hYwZQR-SSoiZb-lrU8kqaoHxwiy9Yf2jL2SrNspnbmbh2qt9SPXmGuUXy-u20jeGY0FHOcQOrIQEa09HUQZCc8iTod8erCuOPwfEB9FzgMiAHmbVeIMEAWCGSxsTps08.w1ALkjvlZaqpoGFoNaxT0udTyGDFk0fgVeApzPpNX7M&dib_tag=se&keywords=keyboard&qid=1711376582&s=electronics&sprefix=ke%2Celectronics-intl-ship%2C665&sr=1-42
57,"cimetech Wireless Keyboard, Compact Full Size Wireless Computer Keyboard 2.4G Ultra-Thin Sleek Design for Windows, Computer, Desktop, PC, Notebook, Laptop, Mac - Grey",$24.99,4.4 ,https://m.media-amazon.com/images/I/61zJ0qxg1-L.__AC_SX300_SY300_QL70_FMwebp_.jpg,,https://www.amazon.com/sspa/click?ie=UTF8&spc=MTozNTM3OTA2NDY1MTQ3MDg0OjE3MTEzNzY1ODI6c3BfbXRmOjMwMDEyMjM0MDcwOTkwMjo6MDo6&url=%2Fcimetech-Wireless-Keyboard-Computer-Ultra-Thin%2Fdp%2FB0CKMC9RDY%2Fref%3Dsr_1_43_sspa%3Fcrid%3D1DCSWSAQSZ51W%26dib%3DeyJ2IjoiMSJ9.L618kf26hvIucC5TYRjToYUce-iV-E8VhQcAEtaSUlaJH6wIiFGMAuytI4riy2l8bd8ctsO-yVaid_dldtrX71zrkR4vqAGZW3pp1W6TaY9hYwZQR-SSoiZb-lrU8kqaoHxwiy9Yf2jL2SrNspnbmbh2qt9SPXmGuUXy-u20jeGY0FHOcQOrIQEa09HUQZCc8iTod8erCuOPwfEB9FzgMiAHmbVeIMEAWCGSxsTps08.w1ALkjvlZaqpoGFoNaxT0udTyGDFk0fgVeApzPpNX7M%26dib_tag%3Dse%26keywords%3Dkeyboard%26qid%3D1711376582%26s%3Delectronics%26sprefix%3Dke%252Celectronics-intl-ship%252C665%26sr%3D1-43-spons%26sp_csd%3Dd2lkZ2V0TmFtZT1zcF9tdGY%26psc%3D1
58,"MOFII Wireless Keyboard and Mouse Combo, Pink Wireless Keyboard, 2.4GHz Retro Full Size with Number Pad & Cute Wireless Mouse for Computer PC Laptop Windows XP/7/8/10 (Pink-Colorful)",$30.59,4.4 ,https://m.media-amazon.com/images/I/71hNoEtGZML.__AC_SX300_SY300_QL70_FMwebp_.jpg,,https://www.amazon.com/sspa/click?ie=UTF8&spc=MTozNTM3OTA2NDY1MTQ3MDg0OjE3MTEzNzY1ODI6c3BfbXRmOjMwMDA4NzE1MzM2OTIwMjo6MDo6&url=%2FWireless-Keyboard-Computer-Notebook-Pink-Colorful%2Fdp%2FB08N4PWP8V%2Fref%3Dsr_1_44_sspa%3Fcrid%3D1DCSWSAQSZ51W%26dib%3DeyJ2IjoiMSJ9.L618kf26hvIucC5TYRjToYUce-iV-E8VhQcAEtaSUlaJH6wIiFGMAuytI4riy2l8bd8ctsO-yVaid_dldtrX71zrkR4vqAGZW3pp1W6TaY9hYwZQR-SSoiZb-lrU8kqaoHxwiy9Yf2jL2SrNspnbmbh2qt9SPXmGuUXy-u20jeGY0FHOcQOrIQEa09HUQZCc8iTod8erCuOPwfEB9FzgMiAHmbVeIMEAWCGSxsTps08.w1ALkjvlZaqpoGFoNaxT0udTyGDFk0fgVeApzPpNX7M%26dib_tag%3Dse%26keywords%3Dkeyboard%26qid%3D1711376582%26s%3Delectronics%26sprefix%3Dke%252Celectronics-intl-ship%252C665%26sr%3D1-44-spons%26sp_csd%3Dd2lkZ2V0TmFtZT1zcF9tdGY%26psc%3D1
59,,,,,,https://www.amazon.com/Corsair-Platinum-Mechanical-Keyboard-Backlit/dp/B082GR814B/ref=sr_1_45?crid=1DCSWSAQSZ51W&dib=eyJ2IjoiMSJ9.L618kf26hvIucC5TYRjToYUce-iV-E8VhQcAEtaSUlaJH6wIiFGMAuytI4riy2l8bd8ctsO-yVaid_dldtrX71zrkR4vqAGZW3pp1W6TaY9hYwZQR-SSoiZb-lrU8kqaoHxwiy9Yf2jL2SrNspnbmbh2qt9SPXmGuUXy-u20jeGY0FHOcQOrIQEa09HUQZCc8iTod8erCuOPwfEB9FzgMiAHmbVeIMEAWCGSxsTps08.w1ALkjvlZaqpoGFoNaxT0udTyGDFk0fgVeApzPpNX7M&dib_tag=se&keywords=keyboard&qid=1711376582&s=electronics&sprefix=ke%2Celectronics-intl-ship%2C665&sr=1-45
60,Razer Huntsman Mini 60% Gaming Keyboard: Fast Keyboard Switches - Clicky Optical Switches - Chroma RGB Lighting - PBT Keycaps - Onboard Memory - Classic Black,$79.99,4.7 ,https://m.media-amazon.com/images/I/61Az2uOUbqL.__AC_SX300_SY300_QL70_FMwebp_.jpg,,https://www.amazon.com/Razer-Huntsman-Mini-Gaming-Keyboard/dp/B08BFF4C7J/ref=sr_1_46?crid=1DCSWSAQSZ51W&dib=eyJ2IjoiMSJ9.L618kf26hvIucC5TYRjToYUce-iV-E8VhQcAEtaSUlaJH6wIiFGMAuytI4riy2l8bd8ctsO-yVaid_dldtrX71zrkR4vqAGZW3pp1W6TaY9hYwZQR-SSoiZb-lrU8kqaoHxwiy9Yf2jL2SrNspnbmbh2qt9SPXmGuUXy-u20jeGY0FHOcQOrIQEa09HUQZCc8iTod8erCuOPwfEB9FzgMiAHmbVeIMEAWCGSxsTps08.w1ALkjvlZaqpoGFoNaxT0udTyGDFk0fgVeApzPpNX7M&dib_tag=se&keywords=keyboard&qid=1711376582&s=electronics&sprefix=ke%2Celectronics-intl-ship%2C665&sr=1-46
61,,,,,,https://www.amazon.com/Redragon-Multimedia-Mechanical-Dedicated-Detachable/dp/B07ZV2CKH4/ref=sr_1_47?crid=1DCSWSAQSZ51W&dib=eyJ2IjoiMSJ9.L618kf26hvIucC5TYRjToYUce-iV-E8VhQcAEtaSUlaJH6wIiFGMAuytI4riy2l8bd8ctsO-yVaid_dldtrX71zrkR4vqAGZW3pp1W6TaY9hYwZQR-SSoiZb-lrU8kqaoHxwiy9Yf2jL2SrNspnbmbh2qt9SPXmGuUXy-u20jeGY0FHOcQOrIQEa09HUQZCc8iTod8erCuOPwfEB9FzgMiAHmbVeIMEAWCGSxsTps08.w1ALkjvlZaqpoGFoNaxT0udTyGDFk0fgVeApzPpNX7M&dib_tag=se&keywords=keyboard&qid=1711376582&s=electronics&sprefix=ke%2Celectronics-intl-ship%2C665&sr=1-47
62,,,,,,https://www.amazon.com/TopMate-Wireless-Keyboard-Designed-Office/dp/B06XHY8J7M/ref=sr_1_48?crid=1DCSWSAQSZ51W&dib=eyJ2IjoiMSJ9.L618kf26hvIucC5TYRjToYUce-iV-E8VhQcAEtaSUlaJH6wIiFGMAuytI4riy2l8bd8ctsO-yVaid_dldtrX71zrkR4vqAGZW3pp1W6TaY9hYwZQR-SSoiZb-lrU8kqaoHxwiy9Yf2jL2SrNspnbmbh2qt9SPXmGuUXy-u20jeGY0FHOcQOrIQEa09HUQZCc8iTod8erCuOPwfEB9FzgMiAHmbVeIMEAWCGSxsTps08.w1ALkjvlZaqpoGFoNaxT0udTyGDFk0fgVeApzPpNX7M&dib_tag=se&keywords=keyboard&qid=1711376582&s=electronics&sprefix=ke%2Celectronics-intl-ship%2C665&sr=1-48
63,,,,,,https://www.amazon.com/Lovaky-Wireless-Ergonomic-Indicator-Chromebook/dp/B09KZGY5TK/ref=sr_1_49?crid=1DCSWSAQSZ51W&dib=eyJ2IjoiMSJ9.L618kf26hvIucC5TYRjToYUce-iV-E8VhQcAEtaSUlaJH6wIiFGMAuytI4riy2l8bd8ctsO-yVaid_dldtrX71zrkR4vqAGZW3pp1W6TaY9hYwZQR-SSoiZb-lrU8kqaoHxwiy9Yf2jL2SrNspnbmbh2qt9SPXmGuUXy-u20jeGY0FHOcQOrIQEa09HUQZCc8iTod8erCuOPwfEB9FzgMiAHmbVeIMEAWCGSxsTps08.w1ALkjvlZaqpoGFoNaxT0udTyGDFk0fgVeApzPpNX7M&dib_tag=se&keywords=keyboard&qid=1711376582&s=electronics&sprefix=ke%2Celectronics-intl-ship%2C665&sr=1-49
64,"KEMOVE K98SE Mechanical Gaming Keyboard, 98 Keys LED Backlit Programmable Keyboard, 96% Wired Computer Keyboard with Double Sound Dampening Foam, Pre-lubed Red Switch",$39.99,4.7 ,https://m.media-amazon.com/images/I/71xjmuabBFL.__AC_SX300_SY300_QL70_FMwebp_.jpg,,https://www.amazon.com/KEMOVE-Mechanical-Programmable-Dampening-Pre-lubed/dp/B0CM5P6MNK/ref=sr_1_50?crid=1DCSWSAQSZ51W&dib=eyJ2IjoiMSJ9.L618kf26hvIucC5TYRjToYUce-iV-E8VhQcAEtaSUlaJH6wIiFGMAuytI4riy2l8bd8ctsO-yVaid_dldtrX71zrkR4vqAGZW3pp1W6TaY9hYwZQR-SSoiZb-lrU8kqaoHxwiy9Yf2jL2SrNspnbmbh2qt9SPXmGuUXy-u20jeGY0FHOcQOrIQEa09HUQZCc8iTod8erCuOPwfEB9FzgMiAHmbVeIMEAWCGSxsTps08.w1ALkjvlZaqpoGFoNaxT0udTyGDFk0fgVeApzPpNX7M&dib_tag=se&keywords=keyboard&qid=1711376582&s=electronics&sprefix=ke%2Celectronics-intl-ship%2C665&sr=1-50
65,,,,,,https://www.amazon.com/MARVO-Keyboard-Computer-Backlight-Full-Size/dp/B0CH9QTXXK/ref=sr_1_51?crid=1DCSWSAQSZ51W&dib=eyJ2IjoiMSJ9.L618kf26hvIucC5TYRjToYUce-iV-E8VhQcAEtaSUlaJH6wIiFGMAuytI4riy2l8bd8ctsO-yVaid_dldtrX71zrkR4vqAGZW3pp1W6TaY9hYwZQR-SSoiZb-lrU8kqaoHxwiy9Yf2jL2SrNspnbmbh2qt9SPXmGuUXy-u20jeGY0FHOcQOrIQEa09HUQZCc8iTod8erCuOPwfEB9FzgMiAHmbVeIMEAWCGSxsTps08.w1ALkjvlZaqpoGFoNaxT0udTyGDFk0fgVeApzPpNX7M&dib_tag=se&keywords=keyboard&qid=1711376582&s=electronics&sprefix=ke%2Celectronics-intl-ship%2C665&sr=1-51
66,"Keychron C3 Pro QMK/VIA Custom Gaming Keyboard, Programmable 87 Keys Compact TKL Layout Gasket Mount, Red LED Backlight Wired Mechanical Keyboard with Brown Switches for Mac/Windows/Linux",$36.99,4.6 ,https://m.media-amazon.com/images/I/6125ZxZI9gL.__AC_SX300_SY300_QL70_FMwebp_.jpg,,https://www.amazon.com/Keychron-Keyboard-Programmable-Backlight-Mechanical/dp/B0CBWJ9SKX/ref=sr_1_52?crid=1DCSWSAQSZ51W&dib=eyJ2IjoiMSJ9.L618kf26hvIucC5TYRjToYUce-iV-E8VhQcAEtaSUlaJH6wIiFGMAuytI4riy2l8bd8ctsO-yVaid_dldtrX71zrkR4vqAGZW3pp1W6TaY9hYwZQR-SSoiZb-lrU8kqaoHxwiy9Yf2jL2SrNspnbmbh2qt9SPXmGuUXy-u20jeGY0FHOcQOrIQEa09HUQZCc8iTod8erCuOPwfEB9FzgMiAHmbVeIMEAWCGSxsTps08.w1ALkjvlZaqpoGFoNaxT0udTyGDFk0fgVeApzPpNX7M&dib_tag=se&keywords=keyboard&qid=1711376582&s=electronics&sprefix=ke%2Celectronics-intl-ship%2C665&sr=1-52
67,Redragon K582 SURARA RGB LED Backlit Mechanical Gaming Keyboard with 104 Keys-Linear and Quiet-Red Switches,$39.99,4.5 ,https://m.media-amazon.com/images/I/61uofDvRldS.__AC_SX300_SY300_QL70_FMwebp_.jpg,,https://www.amazon.com/sspa/click?ie=UTF8&spc=MTozNTM3OTA2NDY1MTQ3MDg0OjE3MTEzNzY1ODI6c3BfYnRmOjIwMDAxMTkxNjY2OTUzMTo6MDo6&url=%2FRedragon-Mechanical-Keyboard-Keys-Linear-Quiet-Red%2Fdp%2FB07KCRTN9Q%2Fref%3Dsr_1_53_sspa%3Fcrid%3D1DCSWSAQSZ51W%26dib%3DeyJ2IjoiMSJ9.L618kf26hvIucC5TYRjToYUce-iV-E8VhQcAEtaSUlaJH6wIiFGMAuytI4riy2l8bd8ctsO-yVaid_dldtrX71zrkR4vqAGZW3pp1W6TaY9hYwZQR-SSoiZb-lrU8kqaoHxwiy9Yf2jL2SrNspnbmbh2qt9SPXmGuUXy-u20jeGY0FHOcQOrIQEa09HUQZCc8iTod8erCuOPwfEB9FzgMiAHmbVeIMEAWCGSxsTps08.w1ALkjvlZaqpoGFoNaxT0udTyGDFk0fgVeApzPpNX7M%26dib_tag%3Dse%26keywords%3Dkeyboard%26qid%3D1711376582%26s%3Delectronics%26sprefix%3Dke%252Celectronics-intl-ship%252C665%26sr%3D1-53-spons%26sp_csd%3Dd2lkZ2V0TmFtZT1zcF9idGY%26psc%3D1
68,"7KEYS Retro Typewriter Keyboard, Electric Typewriter Vintage with Upgraded Mechanical Classical, Punk Round Keys for Desktop PC/Laptop Mac/Phone",$84.99,4.2 ,https://m.media-amazon.com/images/I/717VgTTRKXL.__AC_SX300_SY300_QL70_FMwebp_.jpg,,https://www.amazon.com/sspa/click?ie=UTF8&spc=MTozNTM3OTA2NDY1MTQ3MDg0OjE3MTEzNzY1ODI6c3BfYnRmOjMwMDE1MDM5MTg0NTUwMjo6MDo6&url=%2FTypewriter-7KEYS-Mechanical-Bluetooth-Connection%2Fdp%2FB092HVXVM4%2Fref%3Dsr_1_54_sspa%3Fcrid%3D1DCSWSAQSZ51W%26dib%3DeyJ2IjoiMSJ9.L618kf26hvIucC5TYRjToYUce-iV-E8VhQcAEtaSUlaJH6wIiFGMAuytI4riy2l8bd8ctsO-yVaid_dldtrX71zrkR4vqAGZW3pp1W6TaY9hYwZQR-SSoiZb-lrU8kqaoHxwiy9Yf2jL2SrNspnbmbh2qt9SPXmGuUXy-u20jeGY0FHOcQOrIQEa09HUQZCc8iTod8erCuOPwfEB9FzgMiAHmbVeIMEAWCGSxsTps08.w1ALkjvlZaqpoGFoNaxT0udTyGDFk0fgVeApzPpNX7M%26dib_tag%3Dse%26keywords%3Dkeyboard%26qid%3D1711376582%26s%3Delectronics%26sprefix%3Dke%252Celectronics-intl-ship%252C665%26sr%3D1-54-spons%26sp_csd%3Dd2lkZ2V0TmFtZT1zcF9idGY%26psc%3D1
69,,,,,,https://aax-us-iad.amazon.com/x/c/RDAXAeBX6sJE9lRvAf-zYMMAAAGOdf5IZwEAAAH2AQBvbm9fdHhuX2JpZDYgICBvbm9fdHhuX2ltcDEgICDbyiMt/https://www.amazon.com/Armaggeddon-AK-666-Pro-Gaming-Keyboard/dp/B09DGDZ31Y/ref=sxbs_sbv_search_btf?content-id=amzn1.sym.805ca70d-e057-4820-b9b3-729eee71f8a9%3Aamzn1.sym.805ca70d-e057-4820-b9b3-729eee71f8a9&crid=1DCSWSAQSZ51W&cv_ct_cx=keyboard&dib=eyJ2IjoiMSJ9.C_X3aBUJMqLafHWeG_luxQ.eDk433MktI9RbBuuu-aLj2wkh8LbISvovVxOmkkcSoE&dib_tag=se&keywords=keyboard&pd_rd_i=B09DGDZ31Y&pd_rd_r=c2906b22-b1db-42be-bc37-efa5da1bbae2&pd_rd_w=4xjnX&pd_rd_wg=c3Nfa&pf_rd_p=805ca70d-e057-4820-b9b3-729eee71f8a9&pf_rd_r=F1NN7D2DE2SPB4599X3A&qid=1711376582&s=electronics&sbo=RZvfv%2F%2FHxDF%2BO5021pAnSA%3D%3D&sprefix=ke%2Celectronics-intl-ship%2C665&sr=1-33-48f7baba-8e26-45f3-8811-e1a601ad20bf
